ID,Current_Location,Sex,Birth_Date,Sire,Dam,Event_Type,Date,Location
1000,SKANAKV,Female,Undetermined,WILD,WILD,Birth/Hatch,Undetermined,Viet Nam / ~
,,,,,,Wild Capture,Undetermined,Viet Nam / ~
,,,,,,Transfer,01/Jan/1986 +/- 6 month,SKANAKV
,,,,,,GO LTF,Undetermined,SKANAKV
1001,SKANAKV,Female,Undetermined,WILD,WILD,Birth/Hatch,Undetermined,Viet Nam / ~
,,,,,,Wild Capture,Undetermined,Viet Nam / ~
,,,,,,Transfer,01/Jan/1985 +/- 6 month,SKANAKV
,,,,,,GO LTF,Undetermined,SKANAKV
1002,HONOLULU,Male,Undetermined,WILD,WILD,Birth/Hatch,Undetermined,Viet Nam / ~
,,,,,,Wild Capture,Undetermined,Viet Nam / ~
,,,,,,Transfer,Undetermined,USDI
,,,,,,Transfer,10-Jun-68,HONOLULU
,,,,,,Death,28-Apr-84,HONOLULU
1003,HONOLULU,Undetermined,Undetermined,WILD,WILD,Birth/Hatch,Undetermined,Viet Nam / ~
,,,,,,Wild Capture,Undetermined,Viet Nam / ~
,,,,,,Transfer,5-Jan-70,HONOLULU
,,,,,,Death,29-Jan-82,HONOLULU
1004,UNDETERMI,Female,Undetermined,WILD,WILD,Birth/Hatch,Undetermined,Viet Nam / ~
,,,,,,Wild Capture,Undetermined,Viet Nam / ~
,,,,,,Transfer,18-Oct-72,HONOLULU
,,,,,,Death,Undetermined,UNDETERMI
1005,UNDETERMI,Female,Undetermined,WILD,WILD,Birth/Hatch,Undetermined,Viet Nam / ~
,,,,,,Wild Capture,Undetermined,Viet Nam / ~
,,,,,,Transfer,18-Oct-72,HONOLULU
,,,,,,Death,Undetermined,UNDETERMI
1006,FITCH H,Male,Undetermined,WILD,WILD,Birth/Hatch,Undetermined,Undetermined
,,,,,,Wild Capture,01/Jan/1989 +/- 6 month,Undetermined
,,,,,,Transfer,01/Jan/1989 +/- 6 month,PUBLIC
,,,,,,Transfer,2-Jun-91,FITCH H
,,,,,,Death,12-Jun-91,FITCH H
1007,DUKE PRIM,Female,01/Mar/1983 +/- 6 month,WILD,WILD,Birth/Hatch,01/Mar/1983 +/- 6 month,Viet Nam / ~
,,,,,,Wild Capture,Undetermined,Viet Nam / ~
,,,,,,Transfer,1-Mar-86,SKANAKV
,,,,,,Transfer,5-Apr-87,DUKE PRIM
,,,,,,Death,12-May-90,DUKE PRIM
1008,DUKE PRIM,Female,"01/Mar/1983 +/-
6 month",WILD,WILD,Birth/Hatch,"01/Mar/1983 +/-
6 month",Viet Nam / ~
,,,,,,Wild Capture,10-Apr-83,Viet Nam / ~
,,,,,,Transfer,1-Jun-84,BANGKOK
,,,,,,Transfer,19-Dec-86,SKANAKV
,,,,,,Transfer,5-Apr-87,DUKE PRIM
,,,,,,Death,15-Oct-98,DUKE PRIM
1009,DUKE PRIM,Male,Undetermined,WILD,WILD,Birth/Hatch,Undetermined,Viet Nam / ~
,,,,,,Wild Capture,01/Jan/1984 +/- 6 month,Viet Nam / ~
,,,,,,Transfer,1-Apr-86,SKANAKV
,,,,,,Transfer,5-Apr-87,DUKE PRIM
,,,,,,Death,28-Sep-90,DUKE PRIM
1010,DUKE PRIM,Female,01/Jan/1984 +/- 6 month,WILD,WILD,Birth/Hatch,01/Jan/1984 +/- 6 month,Viet Nam / ~
,,,,,,Wild Capture,"01/Jan/1984 +/-
6 month",Viet Nam / ~
,,,,,,Transfer,1-Apr-86,SKANAKV
,,,,,,Transfer,5-Apr-87,DUKE PRIM
,,,,,,Death,18-Apr-93,DUKE PRIM
1011,DUKE PRIM,Female,"01/Jan/1984 +/-
6 month",WILD,WILD,Birth/Hatch,"01/Jan/1984 +/-
6 month",Viet Nam / ~
,,,,,,Wild Capture,"01/Jan/1984 +/-
6 month",Viet Nam / ~
,,,,,,Transfer,24-Oct-85,SKANAKV
,,,,,,Transfer,5-Apr-87,DUKE PRIM
,,,,,,Death,19-May-89,DUKE PRIM
1012,DUKE PRIM,Male,"01/Jan/1984 +/-
6 month",WILD,WILD,Birth/Hatch,"01/Jan/1984 +/-
6 month",Viet Nam / ~
,,,,,,Wild Capture,01/Jan/1984 +/- 6 month,Viet Nam / ~
,,,,,,Transfer,1-Apr-86,SKANAKV
,,,,,,Transfer,5-Apr-87,DUKE PRIM
,,,,,,Death,21-Jul-98,DUKE PRIM
1013,SKANAKV,Male,Undetermined,WILD,WILD,Birth/Hatch,Undetermined,Viet Nam / ~
,,,,,,Wild Capture,Undetermined,Viet Nam / ~
,,,,,,Transfer,01/Jan/1985 +/- 6 month,SKANAKV
,,,,,,GO LTF,Undetermined,SKANAKV
1014,CRYSTAL G,Female,Undetermined,WILD,WILD,Birth/Hatch,Undetermined,Viet Nam / ~
,,,,,,Wild Capture,Undetermined,Viet Nam / ~
,,,,,,Transfer,Undetermined,SKANAKV
,,,,,,Transfer,01/May/1987 +/- 1 day,CRYSTAL G
,,,,,,Death,31/Dec/1995 +/- 15 day,CRYSTAL G
1015,CRYSTAL G,Male,Undetermined,WILD,WILD,Birth/Hatch,Undetermined,Viet Nam / ~
,,,,,,Wild Capture,Undetermined,Viet Nam / ~
,,,,,,Transfer,Undetermined,SKANAKV
,,,,,,Transfer,01/May/1987 +/- 1 day,CRYSTAL G
,,,,,,Death,7-Dec-94,CRYSTAL G
1016,SANDIEGOZ,Male,Undetermined,WILD,WILD,Birth/Hatch,Undetermined,Undetermined
,,,,,,Wild Capture,01/Jan/1985 +/- 6 month,Undetermined
,,,,,,Transfer,01/Mar/1986 +/- 1 day,SKANAKV
,,,,,,Transfer,5-Apr-87,SANDIEGOZ
,,,,,,Death,22-Apr-93,SANDIEGOZ
1017,SANDIEGOZ,Male,01/Mar/1985 +/- 6 month,WILD,WILD,Birth/Hatch,01/Mar/1985 +/- 6 month,Undetermined
,,,,,,Wild Capture,Undetermined,Undetermined
,,,,,,Transfer,01/Mar/1986 +/- 1 day,SKANAKV
,,,,,,Transfer,5-Apr-87,SANDIEGOZ
,,,,,,Death,17-Jan-97,SANDIEGOZ
1018,SANDIEGOZ,Male,01/Mar/1985 +/- 6 month,WILD,WILD,Birth/Hatch,01/Mar/1985 +/- 6 month,Undetermined
,,,,,,Wild Capture,Undetermined,Undetermined
,,,,,,Transfer,"01/Mar/1986 +/-
1 day",SKANAKV
,,,,,,Transfer,5-Apr-87,SANDIEGOZ
,,,,,,Death,1-Nov-93,SANDIEGOZ
1019,SANDIEGOZ,Female,Undetermined,WILD,WILD,Birth/Hatch,Undetermined,Undetermined
,,,,,,Wild Capture,Undetermined,Undetermined
,,,,,,Transfer,01/Mar/1986 +/- 1 day,SKANAKV
,,,,,,Transfer,5-Apr-87,SANDIEGOZ
,,,,,,Death,2-Mar-95,SANDIEGOZ
1020,SANDIEGOZ,Female,Undetermined,WILD,WILD,Birth/Hatch,Undetermined,Undetermined
,,,,,,Wild Capture,Undetermined,Undetermined
,,,,,,Transfer,"01/Mar/1986 +/-
1 day",SKANAKV
,,,,,,Transfer,5-Apr-87,SANDIEGOZ
,,,,,,Death,5-Dec-90,SANDIEGOZ
1021,SANDIEGOZ,Female,Undetermined,WILD,WILD,Birth/Hatch,Undetermined,Undetermined
,,,,,,Wild Capture,Undetermined,Undetermined
,,,,,,Transfer,"01/Mar/1986 +/-
1 day",SKANAKV
,,,,,,Transfer,5-Apr-87,SANDIEGOZ
,,,,,,Death,8-Jul-99,SANDIEGOZ
1022,MINNESOTA,Male,"01/Jan/1985 +/-
6 month",WILD,WILD,Birth/Hatch,"01/Jan/1985 +/-
6 month",Viet Nam / ~
,,,,,,Wild Capture,Undetermined,Viet Nam / ~
,,,,,,Transfer,1-Apr-86,SKANAKV
,,,,,,Transfer,5-Apr-87,DUKE PRIM
,,,,,,Transfer,23-Jun-98,MINNESOTA
,,,,,,Death,10-Apr-00,MINNESOTA
1023,DUKE PRIM,Male,01/Mar/1985 +/- 6 month,WILD,WILD,Birth/Hatch,01/Mar/1985 +/- 6 month,Viet Nam / ~
,,,,,,Wild Capture,Undetermined,Viet Nam / ~
,,,,,,Transfer,19-Dec-86,SKANAKV
,,,,,,Transfer,5-Apr-87,DUKE PRIM
,,,,,,Death,31-May-96,DUKE PRIM
1024,CHICAGOBR,Female,Undetermined,WILD,WILD,Birth/Hatch,Undetermined,Viet Nam / ~
,,,,,,Wild Capture,Undetermined,Viet Nam / ~
,,,,,,Transfer,1-Mar-86,SKANAKV
,,,,,,Transfer,20-Jul-87,CINCINNAT
,,,,,,Transfer,12-Oct-88,CHICAGOBR
,,,,,,Death,29-Jun-90,CHICAGOBR
1025,CINCINNAT,Male,"01/Jan/1985 +/-
6 month",WILD,WILD,Birth/Hatch,"01/Jan/1985 +/-
6 month",Viet Nam / ~
,,,,,,Wild Capture,01/Jan/1985 +/- 6 month,Viet Nam / ~
,,,,,,Transfer,25-Sep-86,SKANAKV
,,,,,,Transfer,20-Jul-87,CINCINNAT
,,,,,,Death,26-May-97,CINCINNAT
1026,CINCINNAT,Male,Undetermined,WILD,WILD,Birth/Hatch,Undetermined,Viet Nam / ~
,,,,,,Wild Capture,Undetermined,Viet Nam / ~
,,,,,,Transfer,1-Mar-86,SKANAKV
,,,,,,Transfer,20-Jul-87,CINCINNAT
,,,,,,Death,15-Dec-90,CINCINNAT
1029,SKANAKV,Male,01/Jan/1983 +/- 6 month,WILD,WILD,Birth/Hatch,01/Jan/1983 +/- 6 month,Viet Nam / ~
,,,,,,Wild Capture,Undetermined,Viet Nam / ~
,,,,,,Transfer,01/Jan/1985 +/- 6 month,SKANAKV
,,,,,,GO LTF,Undetermined,SKANAKV
1030,CHICAGOBR,Male,01/Jan/1986 +/- 6 month,WILD,WILD,Birth/Hatch,01/Jan/1986 +/- 6 month,Viet Nam / ~
,,,,,,Wild Capture,Undetermined,Viet Nam / ~
,,,,,,Transfer,25-Sep-86,SKANAKV
,,,,,,Transfer,20-Jul-87,CINCINNAT
,,,,,,Transfer,12-Oct-88,CHICAGOBR
,,,,,,Death,1-Jun-89,CHICAGOBR
1031,SEATTLE,Male,01/Jan/1986 +/- 6 month,WILD,WILD,Birth/Hatch,01/Jan/1986 +/- 6 month,Viet Nam / ~
,,,,,,Wild Capture,Undetermined,Viet Nam / ~
,,,,,,Transfer,25-Sep-86,SKANAKV
,,,,,,Transfer,20-Jul-87,CINCINNAT
,,,,,,Transfer,16-Jul-92,SEATTLE
,,,,,,Death,19-Jan-04,SEATTLE
1032,CINCINNAT,Male,01/Jan/1985 +/- 6 month,WILD,WILD,Birth/Hatch,01/Jan/1985 +/- 6 month,Viet Nam / ~
,,,,,,Wild Capture,"01/Jan/1985 +/-
6 month",Viet Nam / ~
,,,,,,Transfer,1-Mar-86,SKANAKV
,,,,,,Transfer,20-Jul-87,CINCINNAT
,,,,,,Death,11-Mar-97,CINCINNAT
1033,CINCINNAT,Male,01/Jan/1986 +/- 6 month,WILD,WILD,Birth/Hatch,01/Jan/1986 +/- 6 month,Viet Nam / ~
,,,,,,Wild Capture,Undetermined,Viet Nam / ~
,,,,,,Transfer,1-Mar-86,SKANAKV
,,,,,,Transfer,20-Jul-87,CINCINNAT
,,,,,,Death,27-Jul-88,CINCINNAT
1034,CINCINNAT,Female,01/Jan/1985 +/- 6 month,WILD,WILD,Birth/Hatch,01/Jan/1985 +/- 6 month,Lao People's Democratic Republic / ~
,,,,,,Wild Capture,Undetermined,Lao People's Democratic Republic / ~
,,,,,,Transfer,Undetermined,FORSS
,,,,,,Transfer,29-Dec-86,POZNAN
,,,,,,Transfer,14-Mar-87,SKANAKV
,,,,,,Transfer,14-Apr-87,SKANAKV
,,,,,,Transfer,20-Jul-87,CINCINNAT
,,,,,,Death,14-Feb-92,CINCINNAT
1035,CINCINNAT,Female,"01/Jan/1985 +/-
6 month",WILD,WILD,Birth/Hatch,"01/Jan/1985 +/-
6 month",Viet Nam / ~
,,,,,,Wild Capture,Undetermined,Viet Nam / ~
,,,,,,Transfer,Undetermined,FORSS
,,,,,,Transfer,29-Dec-86,POZNAN
,,,,,,Transfer,14-Mar-87,SKANAKV
,,,,,,Transfer,20-Jul-87,CINCINNAT
,,,,,,Death,23-Nov-90,CINCINNAT
1036,CINCINNAT,Female,01/Jan/1986 +/- 6 month,WILD,WILD,Birth/Hatch,01/Jan/1986 +/- 6 month,Viet Nam / ~
,,,,,,Wild Capture,Undetermined,Viet Nam / ~
,,,,,,Transfer,Undetermined,FORSS
,,,,,,Transfer,29-Dec-86,POZNAN
,,,,,,Transfer,14-Apr-87,SKANAKV
,,,,,,Transfer,20-Jul-87,CINCINNAT
,,,,,,Death,25-Oct-89,CINCINNAT
1037,CINCINNAT,Female,01/Jan/1986 +/- 6 month,WILD,WILD,Birth/Hatch,01/Jan/1986 +/- 6 month,Viet Nam / ~
,,,,,,Wild Capture,Undetermined,Viet Nam / ~
,,,,,,Transfer,1-Mar-86,SKANAKV
,,,,,,Transfer,20-Jul-87,CINCINNAT
,,,,,,Death,1-Jun-90,CINCINNAT
1038,CINCINNAT,Female,Undetermined,WILD,WILD,Birth/Hatch,Undetermined,Viet Nam / ~
,,,,,,Wild Capture,Undetermined,Viet Nam / ~
,,,,,,Transfer,11-May-86,SKANAKV
,,,,,,Transfer,20-Jul-87,CINCINNAT
,,,,,,Death,13-Jul-89,CINCINNAT
1039,PHILADELP,Male,Undetermined,WILD,WILD,Birth/Hatch,Undetermined,Undetermined
,,,,,,Wild Capture,Undetermined,Undetermined
,,,,,,Transfer,Undetermined,WORLDWIDE
,,,,,,Transfer,15-Oct-87,CINCINNAT
,,,,,,Transfer,28-Nov-90,PHILADELP
,,,,,,Death,18-May-97,PHILADELP
1040,PHILADELP,Female,01/Jan/1986 +/- 6 month,1013,1001,Birth/Hatch,01/Jan/1986 +/- 6 month,SKANAKV
,,,,,,Transfer,11-Oct-88,PHILADELP
,,,,,,Death,17-Aug-02,PHILADELP
1041,PHILADELP,Male,01/Dec/1986 +/- 6 month,1029,1000,Birth/Hatch,01/Dec/1986 +/- 6 month,SKANAKV
,,,,,,Transfer,11-Oct-88,PHILADELP
,,,,,,Death,7-Apr-01,PHILADELP
1042,HOUSTON,Male,Undetermined,WILD,WILD,Birth/Hatch,Undetermined,Undetermined
,,,,,,Wild Capture,Undetermined,Undetermined
,,,,,,Transfer,7-May-89,SAN FRAN
,,,,,,Transfer,15-Aug-89,HOUSTON
,,,,,,Death,5-Nov-99,HOUSTON
1043,SEATTLE,Female,Undetermined,WILD,WILD,Birth/Hatch,Undetermined,Undetermined
,,,,,,Wild Capture,Undetermined,Undetermined
,,,,,,Transfer,Undetermined,CA FG SD
,,,,,,Transfer,20-Aug-89,SEATTLE
,,,,,,Death,15-Sep-96,SEATTLE
1044,HOUSTON,Female,01/Jan/1984 +/- 15 day,WILD,WILD,Birth/Hatch,01/Jan/1984 +/- 15 day,Thailand / ~
,,,,,,Wild Capture,Undetermined,Thailand / ~
,,,,,,Transfer,Undetermined,CA FG SD
,,,,,,Transfer,20-Aug-89,SEATTLE
,,,,,,Transfer,18-Jun-92,DUKE PRIM
,,,,,,Transfer,24-Apr-97,HOUSTON
,,,,,,Death,1-Jan-03,HOUSTON
1045,HOUSTON,Male,14-Feb-87,1032,1034,Birth/Hatch,14-Feb-87,POZNAN
,,,,,,Transfer,14-Mar-87,SKANAKV
,,,,,,Transfer,14-Apr-87,SKANAKV
,,,,,,Transfer,10-Aug-88,SAN FRAN
,,,,,,Transfer,13-Oct-88,SAN FRAN
,,,,,,Transfer,15-Aug-89,HOUSTON
,,,,,,Transfer,22-Apr-92,PUEBLO
,,,,,,Transfer,9-Nov-04,HOUSTON
,,,,,,Death,22-Jan-09,HOUSTON
1046,HOUSTON,Female,14-Feb-87,1032,1035,Birth/Hatch,14-Feb-87,POZNAN
,,,,,,Transfer,14-Mar-87,SKANAKV
,,,,,,Transfer,14-Apr-87,SKANAKV
,,,,,,Transfer,10-Aug-88,SAN FRAN
,,,,,,Transfer,13-Oct-88,SAN FRAN
,,,,,,Transfer,15-Aug-89,HOUSTON
,,,,,,Transfer,22-Apr-92,PUEBLO
,,,,,,Transfer,9-Nov-04,HOUSTON
,,,,,,Death,12-Aug-06,HOUSTON
1047,DUKE PRIM,Male,17-Feb-87,UND,1008,Birth/Hatch,17-Feb-87,SKANAKV
,,,,,,Transfer,5-Apr-87,DUKE PRIM
,,,,,,Death,9-Aug-98,DUKE PRIM
1048,DUKE PRIM,Female,1-Jan-88,1012,1008,Birth/Hatch,1-Jan-88,DUKE PRIM
,,,,,,Death,21-Sep-90,DUKE PRIM
1049,DUKE PRIM,Male,1-Jan-88,1012,1008,Birth/Hatch,1-Jan-88,DUKE PRIM
,,,,,,Death,1-Jan-88,DUKE PRIM
1050,SANDIEGOZ,Female,12-Jan-88,1016,1019,Birth/Hatch,12-Jan-88,SANDIEGOZ
,,,,,,Death,2-Feb-88,SANDIEGOZ
1051,CHICAGOBR,Male,29-Feb-88,1026,1034,Birth/Hatch,29-Feb-88,CINCINNAT
,,,,,,Transfer,20-Sep-89,CHICAGOBR
,,,,,,Death,20-Feb-97,CHICAGOBR
1052,CINCINNAT,Undetermined,4-Apr-88,1032,1036,Birth/Hatch,4-Apr-88,CINCINNAT
,,,,,,Death,5-Apr-88,CINCINNAT
1053,CRYSTAL G,Undetermined,10-Apr-88,1015,1014,Birth/Hatch,10-Apr-88,CRYSTAL G
,,,,,,Death,26-Mar-92,CRYSTAL G
1054,CHICAGOBR,Female,24-Oct-88,1030,1024,Birth/Hatch,24-Oct-88,CHICAGOBR
,,,,,,Death,4-Mar-02,CHICAGOBR
1055,OMAHA,Male,17-Nov-88,1012,1008,Birth/Hatch,17-Nov-88,DUKE PRIM
,,,,,,Transfer,29-Jul-91,OMAHA
,,,,,,Death,29-Mar-93,OMAHA
1056,OMAHA,Male,17-Nov-88,1012,1008,Birth/Hatch,17-Nov-88,DUKE PRIM
,,,,,,Transfer,29-Jul-91,OMAHA
,,,,,,Death,30-Nov-00,OMAHA
1057,CINCINNAT,Male,25-Feb-89,1017,1020,Birth/Hatch,25-Feb-89,SANDIEGOZ
,,,,,,Transfer,28-Oct-98,CINCINNAT
,,,,,,Death,20-Aug-05,CINCINNAT
1058,SANDIEGOZ,Female,25-Feb-89,1017,1020,Birth/Hatch,25-Feb-89,SANDIEGOZ
,,,,,,Death,20-Dec-08,SANDIEGOZ
1059,SANDIEGOZ,Male,26-Feb-89,1016,1019,Birth/Hatch,26-Feb-89,SANDIEGOZ
,,,,,,Death,27-Jul-99,SANDIEGOZ
1060,SD-WAP,Female,27-Feb-89,1018,1021,Birth/Hatch,27-Feb-89,SANDIEGOZ
,,,,,,Transfer,1-Feb-02,SD-WAP
,,,,,,Death,2-May-02,SD-WAP
1061,SANDIEGOZ,Female,27-Feb-89,1018,1021,Birth/Hatch,27-Feb-89,SANDIEGOZ
,,,,,,Death,29-Nov-02,SANDIEGOZ
1062,CINCINNAT,Undetermined,15-Aug-89,1032,1036,Birth/Hatch,15-Aug-89,CINCINNAT
,,,,,,Death,15-Aug-89,CINCINNAT
1063,CINCINNAT,Female,17-Jan-90,1041,1040,Birth/Hatch,17-Jan-90,PHILADELP
,,,,,,Transfer,20-Feb-97,CINCINNAT
,,,,,,Death,16-Apr-04,CINCINNAT
1064,SEATTLE,Male,17-Jan-90,1041,1040,Birth/Hatch,17-Jan-90,PHILADELP
,,,,,,Transfer,13-Jun-91,SEATTLE
,,,,,,Death,1-Dec-02,SEATTLE
1065,CLEVELAND,Male,24-Mar-90,1016,1019,Birth/Hatch,24-Mar-90,SANDIEGOZ
,,,,,,Transfer,19-Jul-02,CLEVELAND
,,,,,,Death,16-Feb-09,CLEVELAND
1066,CHICAGOBR,Male,6-Apr-90,1045,1046,Birth/Hatch,6-Apr-90,HOUSTON
,,,,,,Transfer,23-May-97,CHICAGOBR
,,,,,,Death,24-Apr-98,CHICAGOBR
1067,HOUSTON,Female,6-Apr-90,1045,1046,Birth/Hatch,6-Apr-90,HOUSTON
,,,,,,Death,19-Dec-99,HOUSTON
1068,PAIGNTON,Male,15-Jun-90,1051,1054,Birth/Hatch,15-Jun-90,CHICAGOBR
,,,,,,Transfer,10-Nov-93,PAIGNTON
,,,,,,Transfer,26-May-94,SHALDON
,,,,,,Transfer,29-Mar-95,PAIGNTON
,,,,,,Death,12-Dec-02,PAIGNTON
1069,CHICAGOBR,Male,15-Jun-90,1051,1054,Birth/Hatch,15-Jun-90,CHICAGOBR
,,,,,,Death,16-Jun-90,CHICAGOBR
1070,DUKE PRIM,Male,30-Jun-90,1023,1010,Birth/Hatch,30-Jun-90,DUKE PRIM
,,,,,,Death,5-Jul-90,DUKE PRIM
1071,DUKE PRIM,Female,17-Aug-90,1022,1008,Birth/Hatch,17-Aug-90,DUKE PRIM
,,,,,,Death,18-Aug-90,DUKE PRIM
1072,PAIGNTON,Male,9-Mar-91,1023,1010,Birth/Hatch,9-Mar-91,DUKE PRIM
,,,,,,Transfer,3-Nov-93,PAIGNTON
,,,,,,Death,7-Sep-02,PAIGNTON
1073,DUKE PRIM,Male,9-Mar-91,1023,1010,Birth/Hatch,9-Mar-91,DUKE PRIM
,,,,,,Death,22-Nov-92,DUKE PRIM
1074,CLEVELAND,Male,13-Apr-91,1041,1040,Birth/Hatch,13-Apr-91,PHILADELP
,,,,,,Transfer,28-Apr-93,CLEVELAND
,,,,,,Death,16-May-93,CLEVELAND
1075,CLEVELAND,Male,13-Apr-91,1041,1040,Birth/Hatch,13-Apr-91,PHILADELP
,,,,,,Transfer,28-Apr-93,CLEVELAND
,,,,,,Death,6-Aug-96,CLEVELAND
1076,CRYSTAL G,Female,9-Nov-91,1015,1014,Birth/Hatch,9-Nov-91,CRYSTAL G
,,,,,,Death,01/Apr/1993 +/- 1 day,CRYSTAL G
1077,CRYSTAL G,Female,9-Nov-91,1015,1014,Birth/Hatch,9-Nov-91,CRYSTAL G
,,,,,,Death,31/Dec/1995 +/- 15 day,CRYSTAL G
1078,CLEVELAND,Male,Undetermined,WILD,WILD,Birth/Hatch,Undetermined,Undetermined
,,,,,,Wild Capture,Undetermined,Undetermined
,,,,,,Transfer,Undetermined,USDI
,,,,,,Transfer,21-Feb-91,NY BRONX
,,,,,,Transfer,12-Apr-95,CLEVELAND
,,,,,,Death,29-May-98,CLEVELAND
1079,OMAHA,Female,14-Feb-92,1042,1067,Birth/Hatch,14-Feb-92,HOUSTON
,,,,,,Transfer,30-Aug-94,DUKE PRIM
,,,,,,Transfer,8-Oct-98,OMAHA
,,,,,,Death,8-Jun-05,OMAHA
1080,HOUSTON,Female,14-Feb-92,1042,1067,Birth/Hatch,14-Feb-92,HOUSTON
,,,,,,Death,15-Jun-93,HOUSTON
1081,SANDIEGOZ,Female,29-Feb-92,1057,1060,Birth/Hatch,29-Feb-92,SANDIEGOZ
,,,,,,Death,29-Feb-92,SANDIEGOZ
1082,PAIGNTON,Male,3-Apr-92,1051,1054,Birth/Hatch,3-Apr-92,CHICAGOBR
,,,,,,Transfer,10-Nov-93,PAIGNTON
,,,,,,Death,13-Apr-95,PAIGNTON
1083,WHEELING,Female,8-Aug-92,1041,1040,Birth/Hatch,8-Aug-92,PHILADELP
,,,,,,Transfer,13-Jul-00,WHEELING
,,,,,,Death,19-Aug-01,WHEELING
1084,PHILADELP,Female,8-Aug-92,1041,1040,Birth/Hatch,8-Aug-92,PHILADELP
,,,,,,Death,7-Jun-99,PHILADELP
1085,PHILADELP,Undetermined,8-Aug-92,1041,1040,Birth/Hatch,8-Aug-92,PHILADELP
,,,,,,Death,10-Aug-92,PHILADELP
1086,PHILADELP,Undetermined,8-Aug-92,1041,1040,Birth/Hatch,8-Aug-92,PHILADELP
,,,,,,Death,9-Aug-92,PHILADELP
1087,TAIPEI,Female,Undetermined,UND,UND,Birth/Hatch,Undetermined,Undetermined
,,,,,,Transfer,Undetermined,FERNDALE
,,,,,,Transfer,17-Jan-87,TAIPEI
,,,,,,Death,1-Jul-03,TAIPEI
1088,CLEVELAND,Female,Undetermined,WILD,WILD,Birth/Hatch,Undetermined,Viet Nam / ~
,,,,,,Wild Capture,Undetermined,Viet Nam / ~
,,,,,,Transfer,Undetermined,USDI
,,,,,,Transfer,22-Sep-93,SEATTLE
,,,,,,Transfer,27-Jun-97,CLEVELAND
,,,,,,Death,9-Aug-08,CLEVELAND
1089,SANDIEGOZ,Female,Undetermined,WILD,WILD,Birth/Hatch,Undetermined,Viet Nam / ~
,,,,,,Wild Capture,Undetermined,Viet Nam / ~
,,,,,,Transfer,Undetermined,USDI
,,,,,,Transfer,3-Apr-93,LOSANGELE
,,,,,,Transfer,8-Jul-94,SANDIEGOZ
,,,,,,Death,27-Feb-09,SANDIEGOZ
1090,OASES,Male,14-Nov-92,1015,1014,Birth/Hatch,14-Nov-92,CRYSTAL G
,,,,,,Transfer,22-Mar-05,OASES
,,,,,,Death,5-Jun-07,OASES
1091,IND RIV R,Female,14-Nov-92,1015,1014,Birth/Hatch,14-Nov-92,CRYSTAL G
,,,,,,Transfer,15-Oct-04,IND RIV R
,,,,,,Death,21-Nov-07,IND RIV R
1092,SANDIEGOZ,Male,24-Mar-93,1017,1021,Birth/Hatch,24-Mar-93,SANDIEGOZ
,,,,,,Death,27-Mar-93,SANDIEGOZ
1093,HOUSTON,Male,30-May-93,1051,1054,Birth/Hatch,30-May-93,CHICAGOBR
,,,,,,Transfer,16-Sep-97,HOUSTON
,,,,,,Death,20-Apr-03,HOUSTON
1094,CINCINNAT,Female,30-May-93,1051,1054,Birth/Hatch,30-May-93,CHICAGOBR
,,,,,,Transfer,24-Mar-94,CINCINNAT
,,,,,,Death,22-Apr-94,CINCINNAT
1095,PHILADELP,Female,9-Mar-94,1041,1040,Birth/Hatch,9-Mar-94,PHILADELP
,,,,,,Death,10-Mar-94,PHILADELP
1096,PHILADELP,Male,9-Mar-94,1041,1040,Birth/Hatch,9-Mar-94,PHILADELP
,,,,,,Death,16-Mar-94,PHILADELP
1097,DUKE PRIM,Female,15-Mar-94,1023,1008,Birth/Hatch,15-Mar-94,DUKE PRIM
,,,,,,Death,14-Jun-13,DUKE PRIM
1098,SANDIEGOZ,Male,18-Mar-94,1051,1054,Birth/Hatch,18-Mar-94,CHICAGOBR
,,,,,,Transfer,4-Dec-99,SANDIEGOZ
,,,,,,Death,1-Oct-08,SANDIEGOZ
1099,MEMPHIS,Female,18-Mar-94,1051,1054,Birth/Hatch,18-Mar-94,CHICAGOBR
,,,,,,Transfer,8-Dec-97,MEMPHIS
,,,,,,Death,1-Jan-06,MEMPHIS
1100,DUKE PRIM,Female,11-Apr-94,1012,1044,Birth/Hatch,11-Apr-94,DUKE PRIM
,,,,,,Death,11-Apr-94,DUKE PRIM
1101,DUKE PRIM,Female,11-Apr-94,1012,1044,Birth/Hatch,11-Apr-94,DUKE PRIM
,,,,,,Death,11-Apr-94,DUKE PRIM
1102,SEATTLE,Male,11-Feb-95,1064,1088,Birth/Hatch,11-Feb-95,SEATTLE
,,,,,,Death,8-Jul-07,SEATTLE
1103,DUKE PRIM,Male,15-Feb-95,1012,1044,Birth/Hatch,15-Feb-95,DUKE PRIM
,,,,,,Death,22-Aug-09,DUKE PRIM
1104,SEATTLE,Male,15-Feb-95,1012,1044,Birth/Hatch,15-Feb-95,DUKE PRIM
,,,,,,Transfer,23-Apr-98,OMAHA
,,,,,,Transfer,7-Nov-06,SEATTLE
,,,,,,Death,18-Aug-10,SEATTLE
1105,SANDIEGOZ,Female,22-Feb-95,1057,1060,Birth/Hatch,22-Feb-95,SANDIEGOZ
,,,,,,Death,24-Jun-14,SANDIEGOZ
1106,MEMPHIS,Male,23-Feb-95,1041,1040,Birth/Hatch,23-Feb-95,PHILADELP
,,,,,,Transfer,4-Mar-97,MEMPHIS
,,,,,,Death,1-Jun-05,MEMPHIS
1107,CHICAGOBR,Female,23-Feb-95,1041,1040,Birth/Hatch,23-Feb-95,PHILADELP
,,,,,,Transfer,20-Feb-97,CINCINNAT
,,,,,,Transfer,3-Apr-97,CHICAGOBR
,,,,,,Death,2-Jun-04,CHICAGOBR
1108,SANDIEGOZ,Male,26-Feb-95,1017,1019,Birth/Hatch,26-Feb-95,SANDIEGOZ
,,,,,,Death,10-Jun-14,SANDIEGOZ
1109,CHICAGOBR,Female,26-Mar-95,1051,1054,Birth/Hatch,26-Mar-95,CHICAGOBR
,,,,,,Death,7-Mar-98,CHICAGOBR
1110,CHICAGOBR,Male,26-Mar-95,1051,1054,Birth/Hatch,26-Mar-95,CHICAGOBR
,,,,,,Death,26-Mar-95,CHICAGOBR
1113,SANDIEGOZ,Male,Undetermined,WILD,WILD,Birth/Hatch,Undetermined,Undetermined
,,,,,,Wild Capture,Undetermined,Undetermined
,,,,,,Transfer,Undetermined,PUBLIC
,,,,,,Transfer,27-Mar-95,HOGLE
,,,,,,Transfer,2-Nov-95,SANDIEGOZ
,,,,,,Death,2-Mar-11,SANDIEGOZ
1114,CRYSTAL G,Male,Undetermined,WILD,WILD,Birth/Hatch,Undetermined,Viet Nam / ~
,,,,,,Wild Capture,Undetermined,Viet Nam / ~
,,,,,,Transfer,Undetermined,TORONTO
,,,,,,Transfer,6-Jun-95,CRYSTAL G
,,,,,,Death,20-Jan-00,CRYSTAL G
1115,CLEVELAND,Female,5-Jan-96,1064,1088,Birth/Hatch,5-Jan-96,SEATTLE
,,,,,,Transfer,23-Apr-98,OMAHA
,,,,,,Transfer,17-Oct-08,WILD WRLD
,,,,,,Transfer,7-Oct-11,CLEVELAND
,,,,,,Death,6-Aug-13,CLEVELAND
1116,CHICAGOBR,Male,5-Jan-96,1064,1088,Birth/Hatch,5-Jan-96,SEATTLE
,,,,,,Transfer,1-Oct-98,CHICAGOBR
,,,,,,Death,30-Jan-09,CHICAGOBR
1117,CHICAGOBR,Female,2-Feb-96,1051,1054,Birth/Hatch,2-Feb-96,CHICAGOBR
,,,,,,Death,2-Feb-96,CHICAGOBR
1118,CHICAGOBR,Female,2-Feb-96,1051,1054,Birth/Hatch,2-Feb-96,CHICAGOBR
,,,,,,Death,2-Feb-96,CHICAGOBR
1119,SANDIEGOZ,Male,7-Feb-96,1059,1058,Birth/Hatch,7-Feb-96,SANDIEGOZ
,,,,,,Death,8-Feb-96,SANDIEGOZ
1120,CHICAGOBR,Female,7-Feb-96,1059,1058,Birth/Hatch,7-Feb-96,SANDIEGOZ
,,,,,,Transfer,28-Jun-02,CHICAGOBR
,,,,,,Death,21-May-15,CHICAGOBR
1121,MOODY,Male,20-Feb-96,1057,1060,Birth/Hatch,20-Feb-96,SANDIEGOZ
,,,,,,Transfer,16-Oct-03,WHEELING
,,,,,,Transfer,7-Oct-04,MOODY
,,,,,,Transfer,17-Sep-08,HOUSTON
,,,,,,Transfer,20-Jan-09,MOODY
,,,,,,Death,17-Sep-13,MOODY
1122,LITTLEROC,Male,20-Feb-96,1057,1060,Birth/Hatch,20-Feb-96,SANDIEGOZ
,,,,,,Transfer,15-Oct-02,LITTLEROC
,,,,,,Death,9-Dec-13,LITTLEROC
1123,MINNESOTA,Female,25-Apr-96,1012,1044,Birth/Hatch,25-Apr-96,DUKE PRIM
,,,,,,Transfer,23-Jun-98,MINNESOTA
,,,,,,Death,10-Sep-99,MINNESOTA
1124,PUEBLO,Female,Undetermined,WILD,WILD,Birth/Hatch,Undetermined,Viet Nam / ~
,,,,,,Wild Capture,Undetermined,Viet Nam / ~
,,,,,,Transfer,Undetermined,USDI
,,,,,,Transfer,28-Mar-97,PUEBLO
,,,,,,Death,20-Aug-13,PUEBLO
1125,PUEBLO,Male,Undetermined,WILD,WILD,Birth/Hatch,Undetermined,Viet Nam / ~
,,,,,,Wild Capture,Undetermined,Viet Nam / ~
,,,,,,Transfer,Undetermined,USDI
,,,,,,Transfer,28-Mar-97,PUEBLO
,,,,,,Death,11-Sep-12,PUEBLO
1126,MINNESOTA,Female,Undetermined,WILD,WILD,Birth/Hatch,Undetermined,Viet Nam / ~
,,,,,,Wild Capture,Undetermined,Viet Nam / ~
,,,,,,Transfer,Undetermined,USDI
,,,,,,Transfer,19-Jul-97,S BARBARA
,,,,,,Transfer,20-Sep-00,MINNESOTA
,,,,,,Death,11-Nov-04,MINNESOTA
1127,SEATTLE,Female,Undetermined,WILD,WILD,Birth/Hatch,Undetermined,Viet Nam / ~
,,,,,,Wild Capture,Undetermined,Viet Nam / ~
,,,,,,Transfer,Undetermined,USDI
,,,,,,Transfer,19-Jul-97,S BARBARA
,,,,,,Transfer,14-Oct-99,SEATTLE
,,,,,,Death,14-Oct-08,SEATTLE
1128,LITTLEROC,Female,10-Jan-97,1051,1054,Birth/Hatch,10-Jan-97,CHICAGOBR
,,,,,,Transfer,15-Dec-98,LITTLEROC
,,,,,,Death,7-Feb-14,LITTLEROC
1129,CINCINNAT,Male,10-Jan-97,1051,1054,Birth/Hatch,10-Jan-97,CHICAGOBR
,,,,,,Death,7-Feb-08,CINCINNAT
1130,PHILADELP,Male,16-Jan-97,1041,1040,Birth/Hatch,16-Jan-97,PHILADELP
,,,,,,Death,13-Jun-13,PHILADELP
1131,ABQBIOPK,Male,5-Feb-97,1059,1058,Birth/Hatch,5-Feb-97,SANDIEGOZ
,,,,,,Transfer,16-Jul-04,ABQBIOPK
,,,,,,Death,12-Sep-14,ABQBIOPK
1132,COLUMBUS,Female,5-Feb-97,1059,1058,Birth/Hatch,5-Feb-97,SANDIEGOZ
,,,,,,Transfer,31-Aug-06,EL PASO
,,,,,,Transfer,12-Jun-12,COLUMBUS
,,,,,,Death,2-Jul-15,COLUMBUS
1133,SANDIEGOZ,Female,11-Feb-97,1065,1061,Birth/Hatch,11-Feb-97,SANDIEGOZ
,,,,,,Death,12-Feb-97,SANDIEGOZ
1134,SANDIEGOZ,Male,20-Feb-97,1017,1060,Birth/Hatch,20-Feb-97,SANDIEGOZ
,,,,,,Death,1-Apr-97,SANDIEGOZ
1135,SANDIEGOZ,Female,20-Feb-97,1017,1060,Birth/Hatch,20-Feb-97,SANDIEGOZ
,,,,,,Transfer,"21/Feb/2002 +/-
6 month",SD-WAP
,,,,,,Transfer,23-Jul-03,SANDIEGOZ
,,,,,,Transfer,30-Jun-09,SEATTLE
,,,,,,Transfer,12-Oct-11,SANDIEGOZ
,,,,,,Death,26-Mar-14,SANDIEGOZ
1136,SEATTLE,Undetermined,30-Mar-92,1064,1043,Birth/Hatch,30-Mar-92,SEATTLE
,,,,,,Death,30-Mar-92,SEATTLE
1137,SEATTLE,Undetermined,30-Mar-92,1064,1043,Birth/Hatch,30-Mar-92,SEATTLE
,,,,,,Death,30-Mar-92,SEATTLE
1138,CLEVELAND,Male,16-May-98,1078,1088,Birth/Hatch,16-May-98,CLEVELAND
,,,,,,Death,27-Mar-10,CLEVELAND
1139,CLEVELAND,Female,16-May-98,1078,1088,Birth/Hatch,16-May-98,CLEVELAND
,,,,,,Death,2-Jul-06,CLEVELAND
1140,PUEBLO,Male,26-May-98,1125,1124,Birth/Hatch,26-May-98,PUEBLO
,,,,,,Death,7-Mar-03,PUEBLO
1141,SANDIEGOZ,Male,19-Apr-99,1059,1089,Birth/Hatch,19-Apr-99,SANDIEGOZ
,,,,,,Transfer,30-Jun-09,SEATTLE
,,,,,,Transfer,12-Oct-11,SANDIEGOZ
,,,,,,Death,14-Feb-18,SANDIEGOZ
1142,CHICAGOLP,Male,19-Apr-99,1059,1089,Birth/Hatch,19-Apr-99,SANDIEGOZ
,,,,,,Transfer,11-Apr-06,CHICAGOLP
,,,,,,Death,23-Feb-15,CHICAGOLP
1143,OMAHA,Female,20-Jun-99,1104,1115,Birth/Hatch,20-Jun-99,OMAHA
,,,,,,Death,24-Jan-09,OMAHA
1144,OMAHA,Female,20-Jun-99,1104,1115,Birth/Hatch,20-Jun-99,OMAHA
,,,,,,Death,19-Dec-13,OMAHA
1145,MOODY,Female,27-Apr-00,1113,1089,Birth/Hatch,27-Apr-00,SANDIEGOZ
,,,,,,Transfer,3-Jul-02,WHEELING
,,,,,,Transfer,7-Oct-04,MOODY
,,,,,,Transfer,17-Sep-08,HOUSTON
,,,,,,Transfer,20-Jan-09,MOODY
,,,,,,Death,4-Oct-12,MOODY
1146,SANDIEGOZ,Female,27-Apr-00,1113,1089,Birth/Hatch,27-Apr-00,SANDIEGOZ
,,,,,,Death,4-May-18,SANDIEGOZ
1147,CHICAGOBR,Male,10-Oct-00,1116,1054,Birth/Hatch,10-Oct-00,CHICAGOBR
,,,,,,Death,12-Oct-00,CHICAGOBR
1148,CHICAGOBR,Male,10-Oct-00,1116,1054,Birth/Hatch,10-Oct-00,CHICAGOBR
,,,,,,Death,12-Oct-00,CHICAGOBR
1149,DUKE PRIM,Female,3-Sep-00,1103,1097,Birth/Hatch,3-Sep-00,DUKE PRIM
,,,,,,Death,3-Sep-00,DUKE PRIM
1150,PUEBLO,Male,8-Mar-00,1125,1124,Birth/Hatch,8-Mar-00,PUEBLO
,,,,,,Death,7-Jan-02,PUEBLO
1151,CLEVELAND,Male,8-Mar-00,1125,1124,Birth/Hatch,8-Mar-00,PUEBLO
,,,,,,Transfer,24-Jun-04,CLEVELAND
,,,,,,Death,21-Feb-10,CLEVELAND
2006,WARSAW,Male,Undetermined,WILD,WILD,Birth/Hatch,Undetermined,Asia
,,,,,,Wild Capture,Undetermined,Asia
,,,,,,Transfer,Undetermined,HERSHEY
,,,,,,Transfer,23-Oct-86,MOSCOW
,,,,,,Transfer,20-May-90,WARSAW
,,,,,,Death,24-Nov-90,WARSAW
2097,FRANKFURT,Female,Undetermined,WILD,WILD,Birth/Hatch,Undetermined,Viet Nam / ~
,,,,,,Wild Capture,Undetermined,Viet Nam / ~
,,,,,,Transfer,Undetermined,IRCHEL
,,,,,,Transfer,19-Apr-90,FRANKFURT
,,,,,,Death,21-Jan-96,FRANKFURT
2098,FRANKFURT,Male,01/Jan/1986 +/- 6 month,WILD,WILD,Birth/Hatch,01/Jan/1986 +/- 6 month,Viet Nam / ~
,,,,,,Wild Capture,Undetermined,Viet Nam / ~
,,,,,,Transfer,Undetermined,IRCHEL
,,,,,,Transfer,19-Apr-90,FRANKFURT
,,,,,,Death,7-Aug-00,FRANKFURT
2108,KOLN,Male,10-Apr-89,2098,2097,Birth/Hatch,10-Apr-89,IRCHEL
,,,,,,Transfer,19-Apr-90,FRANKFURT
,,,,,,Transfer,26-Nov-02,KOLN
,,,,,,Death,15-Nov-03,KOLN
2129,KOLN,Female,Undetermined,WILD,WILD,Birth/Hatch,Undetermined,Viet Nam / ~
,,,,,,Wild Capture,Undetermined,Viet Nam / ~
,,,,,,Transfer,Undetermined,PUBLIC
,,,,,,Transfer,12-Oct-91,MOSCOW
,,,,,,Transfer,30-Apr-92,FRANKFURT
,,,,,,Transfer,26-Nov-02,KOLN
,,,,,,Death,6-Dec-05,KOLN
2208,MINNESOTA,Male,27-Apr-94,2108,2129,Birth/Hatch,27-Apr-94,FRANKFURT
,,,,,,Transfer,24-Jun-98,COLUMBUS
,,,,,,Transfer,13-Oct-98,MINNESOTA
,,,,,,Death,29-Oct-10,MINNESOTA
2233,COLUMBUS,Female,30-Jul-96,2108,2129,Birth/Hatch,30-Jul-96,FRANKFURT
,,,,,,Transfer,24-Jun-98,COLUMBUS
,,,,,,Death,31-Aug-98,COLUMBUS
2329,PUEBLO,Undetermined,7-Feb-01,1125,1124,Birth/Hatch,7-Feb-01,PUEBLO
,,,,,,Death,7-Feb-01,PUEBLO
2330,PUEBLO,Undetermined,7-Feb-01,1125,1124,Birth/Hatch,7-Feb-01,PUEBLO
,,,,,,Death,11-Feb-01,PUEBLO
2333,DUKE PRIM,Undetermined,14-May-01,1103,1097,Birth/Hatch,14-May-01,DUKE PRIM
,,,,,,Death,14-May-01,DUKE PRIM
2334,DUKE PRIM,Undetermined,14-May-01,1103,1097,Birth/Hatch,14-May-01,DUKE PRIM
,,,,,,Death,14-May-01,DUKE PRIM
2335,DUKE PRIM,Undetermined,14-May-01,1103,1097,Birth/Hatch,14-May-01,DUKE PRIM
,,,,,,Death,23-May-01,DUKE PRIM
2336,NY BRONX,Male,Undetermined,WILD,WILD,Birth/Hatch,Undetermined,Asia
,,,,,,Wild Capture,Undetermined,Asia
,,,,,,Transfer,2-Aug-01,CALGARY
,,,,,,Transfer,22-Nov-01,CRYSTAL G
,,,,,,Transfer,15-Oct-04,IND RIV R
,,,,,,Transfer,2-Jun-09,GRANBY
,,,,,,Transfer,20-Aug-12,NY BRONX
,,,,,,Death,10-Mar-13,NY BRONX
2337,LANGLEY,Male,Undetermined,WILD,WILD,Birth/Hatch,Undetermined,Asia
,,,,,,Wild Capture,Undetermined,Asia
,,,,,,Transfer,2-Aug-01,CALGARY
,,,,,,Transfer,21-Nov-01,QUEBEC
,,,,,,Transfer,3-Jun-08,LANGLEY
,,,,,,GO LTF,2-Nov-10,LANGLEY
2338,CALGARY,Male,"01/Jan/1999 +/-
6 month",WILD,WILD,Birth/Hatch,"01/Jan/1999 +/-
6 month",Asia
,,,,,,Wild Capture,Undetermined,Asia
,,,,,,Transfer,2-Aug-01,CALGARY
,,,,,,Death,13-Feb-12,CALGARY
2339,CALGARY,Female,Undetermined,WILD,WILD,Birth/Hatch,Undetermined,Asia
,,,,,,Wild Capture,Undetermined,Asia
,,,,,,Transfer,2-Aug-01,CALGARY
,,,,,,Death,17-Sep-01,CALGARY
2340,CALGARY,Female,Undetermined,WILD,WILD,Birth/Hatch,Undetermined,Asia
,,,,,,Wild Capture,Undetermined,Asia
,,,,,,Transfer,2-Aug-01,CALGARY
,,,,,,Death,1-Jun-07,CALGARY
2341,BOWMANVIL,Female,Undetermined,WILD,WILD,Birth/Hatch,Undetermined,Asia
,,,,,,Wild Capture,Undetermined,Asia
,,,,,,Transfer,2-Aug-01,CALGARY
,,,,,,Transfer,21-Nov-01,QUEBEC
,,,,,,Transfer,3-Jun-08,LANGLEY
,,,,,,Transfer,2-Nov-10,BOWMANVIL
,,,,,,Death,14-Feb-12,BOWMANVIL
2342,EVANSVLLE,Female,15-Aug-01,2208,1126,Birth/Hatch,15-Aug-01,MINNESOTA
,,,,,,Transfer,15-Oct-08,EVANSVLLE
,,,,,,Death,16-Dec-13,EVANSVLLE
2343,MINNESOTA,Undetermined,15-Aug-01,2208,1126,Birth/Hatch,15-Aug-01,MINNESOTA
,,,,,,Death,16-Aug-01,MINNESOTA
2400,AKRON,Female,4-Jan-03,2208,1126,Birth/Hatch,4-Jan-03,MINNESOTA
,,,,,,Transfer,12-May-05,AKRON
,,,,,,Death,30-Dec-09,AKRON
2402,GARDENCTY,Male,30-Nov-01,1102,1127,Birth/Hatch,30-Nov-01,SEATTLE
,,,,,,Transfer,26-Apr-07,OMAHA
,,,,,,Transfer,2-Sep-08,GARDENCTY
,,,,,,Death,4-Mar-14,GARDENCTY
2403,OMAHA,Female,30-Nov-01,1102,1127,Birth/Hatch,30-Nov-01,SEATTLE
,,,,,,Transfer,12-Nov-03,ABQBIOPK
,,,,,,Transfer,7-Nov-13,CLEVELAND
,,,,,,Transfer,26-Oct-15,OMAHA
,,,,,,Death,26-Jan-17,OMAHA
2405,BOWMANVIL,Female,8-Feb-02,2338,2340,Birth/Hatch,8-Feb-02,CALGARY
,,,,,,Transfer,9-Oct-03,CRYSTAL G
,,,,,,Transfer,22-Mar-05,OASES
,,,,,,Transfer,13-Jul-08,LANGLEY
,,,,,,Transfer,2-Nov-10,BOWMANVIL
,,,,,,Death,14-Jul-13,BOWMANVIL
2406,DUKE PRIM,Male,4-Mar-02,1103,1097,Birth/Hatch,4-Mar-02,DUKE PRIM
,,,,,,Death,8-May-12,DUKE PRIM
2407,DUKE PRIM,Male,4-Mar-02,1103,1097,Birth/Hatch,4-Mar-02,DUKE PRIM
,,,,,,Death,5-Mar-02,DUKE PRIM
2408,AKRON,Male,25-Mar-02,1113,1089,Birth/Hatch,25-Mar-02,SANDIEGOZ
,,,,,,Transfer,7-Jun-06,AKRON
,,,,,,Death,1-Mar-15,AKRON
2409,ATTLEBORO,Male,25-Mar-02,1113,1089,Birth/Hatch,25-Mar-02,SANDIEGOZ
,,,,,,Transfer,5-Jul-09,ATTLEBORO
,,,,,,Death,13-Mar-19,ATTLEBORO
2410,PUEBLO,Male,5-Apr-02,1125,1124,Birth/Hatch,5-Apr-02,PUEBLO
,,,,,,Death,13/Jan/2004 +/- 1 day,PUEBLO
2411,BUSCH TAM,Female,5-Apr-02,1125,1124,Birth/Hatch,5-Apr-02,PUEBLO
,,,,,,Transfer,19-Nov-03,CHICAGOLP
,,,,,,Transfer,22-Apr-15,BUSCH TAM
,,,,,,Death,16-Jun-15,BUSCH TAM
2412,CHICAGOLP,Male,3-Jun-02,2208,1126,Birth/Hatch,3-Jun-02,MINNESOTA
,,,,,,Transfer,1-Sep-03,CHICAGOLP
,,,,,,Death,28-Jan-05,CHICAGOLP
2413,CLEVELAND,Female,3-Jun-02,2208,1126,Birth/Hatch,3-Jun-02,MINNESOTA
,,,,,,Transfer,23-Oct-03,CLEVELAND
,,,,,,Death,1-Aug-07,CLEVELAND
2414,CLEVELAND,Female,5-Nov-02,1102,1127,Birth/Hatch,5-Nov-02,SEATTLE
,,,,,,Transfer,12-Nov-03,ABQBIOPK
,,,,,,Transfer,7-Nov-13,CLEVELAND
,,,,,,Death,24-Apr-20,CLEVELAND
2415,MEMPHIS,Male,5-Nov-02,1102,1127,Birth/Hatch,5-Nov-02,SEATTLE
,,,,,,Transfer,12-Nov-09,MEMPHIS
,,,,,,Death,12-May-10,MEMPHIS
2416,MEMPHIS,Female,20-Dec-02,2338,2340,Birth/Hatch,20-Dec-02,CALGARY
,,,,,,Transfer,"01/Jan/2007 +/-
6 month",ST LOUIS
,,,,,,Transfer,26-Oct-07,MEMPHIS
,,,,,,Death,21-May-18,MEMPHIS
2417,NY BRONX,Male,20-Dec-02,2338,2340,Birth/Hatch,20-Dec-02,CALGARY
,,,,,,Transfer,7-Sep-07,ST LOUIS
,,,,,,Transfer,16-Oct-07,NY BRONX
,,,,,,Death,23-Feb-16,NY BRONX
2418,AKRON,Female,9-Feb-03,1125,1124,Birth/Hatch,9-Feb-03,PUEBLO
,,,,,,Transfer,8-Nov-06,MINNESOTA
,,,,,,Transfer,4-May-11,AKRON
,,,,,,Death,31-Jan-16,AKRON
2419,PUEBLO,Undetermined,9-Feb-03,1125,1124,Birth/Hatch,9-Feb-03,PUEBLO
,,,,,,Death,13-Feb-03,PUEBLO
2420,DUKE PRIM,Male,"03/Jan/2002 +/-
6 month",WILD,WILD,Birth/Hatch,"03/Jan/2002 +/-
6 month",Undetermined
,,,,,,Wild Capture,Undetermined,Undetermined
,,,,,,Transfer,01/Jun/2002 +/- 1 day,USFWS
,,,,,,Transfer,24-Jul-02,LOSANGELE
,,,,,,Transfer,27-Jul-04,DUKE PRIM
,,,,,,Death,4-Apr-12,DUKE PRIM
2421,LOSANGELE,Female,Undetermined,WILD,WILD,Birth/Hatch,Undetermined,Undetermined
,,,,,,Wild Capture,Undetermined,Undetermined
,,,,,,Transfer,"01/Jun/2002 +/-
1 day",USFWS
,,,,,,Transfer,24-Jul-02,LOSANGELE
,,,,,,Death,8-Feb-03,LOSANGELE
2422,DUKE PRIM,Female,01/Jan/1997 +/- 6 month,WILD,WILD,Birth/Hatch,01/Jan/1997 +/- 6 month,Undetermined
,,,,,,Wild Capture,Undetermined,Undetermined
,,,,,,Transfer,01/Jan/2001 +/- 6 month,PUBLIC
,,,,,,Transfer,16-Jul-02,MYAKKACLR
,,,,,,Transfer,11-Jun-03,AUDUBON
,,,,,,Transfer,9-Dec-03,DUKE PRIM
,,,,,,Death,26-Oct-17,DUKE PRIM
2423,NY BRONX,Female,"01/Jan/2001 +/-
6 month",2420,2422,Birth/Hatch,"01/Jan/2001 +/-
6 month",PUBLIC
,,,,,,Transfer,16-Jul-02,MYAKKACLR
,,,,,,Transfer,11-Jun-03,AUDUBON
,,,,,,Transfer,15-Dec-04,CALGARY
,,,,,,Transfer,7-Sep-07,ST LOUIS
,,,,,,Transfer,"16/Oct/2007 +/-
6 month",NY BRONX
,,,,,,Death,21-May-16,NY BRONX
2424,DUKE PRIM,Female,01/Jan/2002 +/- 15 day,2420,2422,Birth/Hatch,01/Jan/2002 +/- 15 day,PUBLIC
,,,,,,Transfer,11-Jun-03,AUDUBON
,,,,,,Transfer,9-Dec-03,DUKE PRIM
,,,,,,Death,12-Aug-08,DUKE PRIM
2425,CHICAGOBR,Male,3-Aug-03,1116,1120,Birth/Hatch,3-Aug-03,CHICAGOBR
,,,,,,Death,26-Oct-12,CHICAGOBR
2426,CHICAGOBR,Female,3-Aug-03,1116,1120,Birth/Hatch,3-Aug-03,CHICAGOBR
,,,,,,Death,16-May-14,CHICAGOBR
2427,EVANSVLLE,Male,5-Sep-03,2338,2340,Birth/Hatch,5-Sep-03,CALGARY
,,,,,,Transfer,5-Sep-07,ST LOUIS
,,,,,,Transfer,25-Oct-07,MEMPHIS
,,,,,,Transfer,10-Oct-08,EVANSVLLE
,,,,,,Death,8-Feb-16,EVANSVLLE
2428,OMAHA,Female,5-Sep-03,2338,2340,Birth/Hatch,5-Sep-03,CALGARY
,,,,,,Transfer,29-Sep-05,GRANBY
,,,,,,Transfer,20-Aug-12,NY BRONX
,,,,,,Transfer,24-Oct-13,OMAHA
,,,,,,Death,12-Mar-16,OMAHA
2429,EVANSVLLE,Female,27-Oct-03,2337,2341,Birth/Hatch,27-Oct-03,QUEBEC
,,,,,,Transfer,11-Apr-06,GRANBY
,,,,,,Transfer,20-Aug-12,NY BRONX
,,,,,,Transfer,14/May/2014 +/- 15 day,EVANSVLLE
,,,,,,Death,17-Dec-20,EVANSVLLE
2430,ATTLEBORO,Female,22-Dec-03,1125,1124,Birth/Hatch,22-Dec-03,PUEBLO
,,,,,,Transfer,9-Nov-04,HOUSTON
,,,,,,Transfer,15-Jun-05,ATTLEBORO
,,,,,,Death,27-Mar-17,ATTLEBORO
2431,PUEBLO,Male,22-Dec-03,1125,1124,Birth/Hatch,22-Dec-03,PUEBLO
,,,,,,Death,22-Dec-03,PUEBLO
2432,DUKE PRIM,Male,25-Apr-96,1012,1044,Birth/Hatch,25-Apr-96,DUKE PRIM
,,,,,,Death,30-Apr-96,DUKE PRIM
2433,OMAHA,Undetermined,3-Aug-00,1056,1079,Birth/Hatch,3-Aug-00,OMAHA
,,,,,,Death,3-Aug-00,OMAHA
2434,SEATTLE,Undetermined,17-Mar-01,1102,1127,Birth/Hatch,17-Mar-01,SEATTLE
,,,,,,Death,17-Mar-01,SEATTLE
2435,SANDIEGOZ,Male,10-Aug-04,2208,1126,Birth/Hatch,10-Aug-04,MINNESOTA
,,,,,,Transfer,20-Sep-06,ABQBIOPK
,,,,,,Transfer,28-Oct-13,PUEBLO
,,,,,,Transfer,5-May-16,EVANSVLLE
,,,,,,Transfer,19-Apr-18,SANDIEGOZ
,,,,,,Death,29-Apr-21,SANDIEGOZ
2436,PUEBLO,Female,10-Aug-04,2208,1126,Birth/Hatch,10-Aug-04,MINNESOTA
,,,,,,Transfer,20-Sep-06,PHILADELP
,,,,,,Transfer,25-Aug-15,SANDIEGOZ
,,,,,,Transfer,9-Aug-17,PUEBLO
,,,,,,Death,12-Dec-18,PUEBLO
2437,PUEBLO,Undetermined,11-Aug-04,1125,1124,Birth/Hatch,11-Aug-04,PUEBLO
,,,,,,Death,14-Aug-04,PUEBLO
2438,PUEBLO,Undetermined,11-Aug-04,1125,1124,Birth/Hatch,11-Aug-04,PUEBLO
,,,,,,Death,14-Aug-04,PUEBLO
2439,CALGARY,Male,22-Aug-04,2338,2340,Birth/Hatch,22-Aug-04,CALGARY
,,,,,,Death,27-Aug-04,CALGARY
2440,CALGARY,Male,22-Aug-04,2338,2340,Birth/Hatch,22-Aug-04,CALGARY
,,,,,,Death,22-Aug-04,CALGARY
2441,SANDIEGOZ,Male,23-Jan-05,1108,1146,Birth/Hatch,23-Jan-05,SANDIEGOZ
,,,,,,Death,23-Jan-05,SANDIEGOZ
2442,SANDIEGOZ,Male,23-Jan-05,1108,1146,Birth/Hatch,23-Jan-05,SANDIEGOZ
,,,,,,Death,23-Jan-05,SANDIEGOZ
2444,BOWMANVIL,Male,15-Feb-05,2337,2341,Birth/Hatch,15-Feb-05,QUEBEC
,,,,,,Transfer,3-Jun-08,LANGLEY
,,,,,,Transfer,2-Nov-10,BOWMANVIL
,,,,,,GO LTF,24-Jul-16,BOWMANVIL
2445,PUEBLO,Undetermined,30-Mar-05,1125,1124,Birth/Hatch,30-Mar-05,PUEBLO
,,,,,,Death,1-Apr-05,PUEBLO
2446,PUEBLO,Undetermined,1-Apr-05,1125,1124,Birth/Hatch,1-Apr-05,PUEBLO
,,,,,,Death,1-Apr-05,PUEBLO
2447,CALGARY,Undetermined,9-Apr-05,2338,2340,Birth/Hatch,9-Apr-05,CALGARY
,,,,,,Death,9-Apr-05,CALGARY
2448,CALGARY,Undetermined,9-Apr-05,2338,2340,Birth/Hatch,9-Apr-05,CALGARY
,,,,,,Death,9-Apr-05,CALGARY
2449,EL PASO,Male,17-Sep-05,1108,1146,Birth/Hatch,17-Sep-05,SANDIEGOZ
,,,,,,Transfer,31-Aug-06,EL PASO
,,,,,,Death,15-Jul-17,EL PASO
2450,EL PASO,Male,17-Sep-05,1108,1146,Birth/Hatch,17-Sep-05,SANDIEGOZ
,,,,,,Transfer,25-Nov-08,WILD WRLD
,,,,,,Transfer,7-Oct-11,CLEVELAND
,,,,,,Transfer,15-Oct-20,EL PASO
2451,PUEBLO,Female,2-Oct-04,1103,1097,Birth/Hatch,2-Oct-04,DUKE PRIM
,,,,,,Transfer,2-Oct-08,GARDENCTY
,,,,,,Transfer,15-Nov-13,PUEBLO
,,,,,,Death,5-Feb-16,PUEBLO
2452,CLEVELAND,Undetermined,24-Dec-05,1138,2413,Birth/Hatch,24-Dec-05,CLEVELAND
,,,,,,Death,24-Dec-05,CLEVELAND
2490,CLEVELAND,Undetermined,20-Aug-04,1138,2413,Birth/Hatch,20-Aug-04,CLEVELAND
,,,,,,Death,24-Aug-04,CLEVELAND
2493,BOWMANVIL,Male,15-Feb-05,2337,2341,Birth/Hatch,15-Feb-05,QUEBEC
,,,,,,Transfer,3-Jun-08,LANGLEY
,,,,,,Transfer,2-Nov-10,BOWMANVIL
,,,,,,GO LTF,24-Jul-16,BOWMANVIL
2495,MOODY,Undetermined,24-Mar-06,1121,1145,Birth/Hatch,24-Mar-06,MOODY
,,,,,,Death,24-Mar-06,MOODY
2496,DUKE PRIM,Male,24-Mar-06,1121,1145,Birth/Hatch,24-Mar-06,MOODY
,,,,,,Transfer,17-Sep-08,HOUSTON
,,,,,,Transfer,17-Dec-08,CLEVELAND
,,,,,,Transfer,19-Apr-16,DUKE PRIM
,,,,,,Death,7-Jun-17,DUKE PRIM
2498,DUKE PRIM,Male,1-Jun-06,2406,2424,Birth/Hatch,1-Jun-06,DUKE PRIM
,,,,,,Death,17-Jun-15,DUKE PRIM
2499,OMAHA,Female,1-Jun-06,2406,2424,Birth/Hatch,1-Jun-06,DUKE PRIM
,,,,,,Transfer,2-Oct-08,OMAHA
,,,,,,Death,4-Mar-17,OMAHA
2500,OMAHA,Male,18-Jun-06,2409,1135,Birth/Hatch,18-Jun-06,SANDIEGOZ
,,,,,,Transfer,17-Sep-08,OMAHA
,,,,,,Death,18-Dec-13,OMAHA
2501,CLEVELAND,Female,7-Jan-07,1138,2413,Birth/Hatch,7-Jan-07,CLEVELAND
,,,,,,Death,6-Nov-09,CLEVELAND
2502,EVANSVLLE,Female,7-Jan-07,1138,2413,Birth/Hatch,7-Jan-07,CLEVELAND
,,,,,,Transfer,5-May-09,DUKE PRIM
,,,,,,Transfer,10-Sep-19,EVANSVLLE
2503,ABQBIOPK,Undetermined,18-Jan-07,1131,2403,Birth/Hatch,18-Jan-07,ABQBIOPK
,,,,,,Death,24-Jan-07,ABQBIOPK
2504,PROSPECTP,Male,18-Jan-07,1131,2403,Birth/Hatch,18-Jan-07,ABQBIOPK
,,,,,,Transfer,25-Jun-09,PROSPECTP
2505,SANDIEGOZ,Undetermined,20-Jun-06,2409,1135,Birth/Hatch,20-Jun-06,SANDIEGOZ
,,,,,,Death,20-Jun-06,SANDIEGOZ
2506,CLEVELAND,Female,6-Apr-06,1125,1124,Birth/Hatch,6-Apr-06,PUEBLO
,,,,,,Transfer,29-Oct-08,CLEVELAND
,,,,,,Death,28-Jul-12,CLEVELAND
2507,OMAHA,Male,6-Apr-06,1125,1124,Birth/Hatch,6-Apr-06,PUEBLO
,,,,,,Transfer,9-Jul-08,OMAHA
,,,,,,Death,4-Nov-15,OMAHA
2600,CINCINNAT,Male,20-Nov-08,2408,2400,Birth/Hatch,20-Nov-08,AKRON
,,,,,,Transfer,13-Mar-10,CINCINNAT
,,,,,,Death,22-Jun-18,CINCINNAT
2601,MOODY,Female,12-Mar-08,1121,1145,Birth/Hatch,12-Mar-08,MOODY
,,,,,,Death,13-Mar-08,MOODY
2602,MOODY,Female,12-Mar-08,1121,1145,Birth/Hatch,12-Mar-08,MOODY
,,,,,,Death,5-Apr-08,MOODY
2603,OMAHA,Undetermined,22-Nov-08,2402,1143,Birth/Hatch,22-Nov-08,OMAHA
,,,,,,Death,22-Nov-08,OMAHA
2604,PHILADELP,Male,16-Mar-08,1130,2436,Birth/Hatch,16-Mar-08,PHILADELP
,,,,,,Death,20-Mar-08,PHILADELP
2605,AKRON,Female,16-Mar-08,1130,2436,Birth/Hatch,16-Mar-08,PHILADELP
,,,,,,Transfer,9-Jul-09,PROSPECTP
,,,,,,Transfer,8-Oct-15,AKRON
2606,PUEBLO,Undetermined,12-Feb-08,1125,1124,Birth/Hatch,12-Feb-08,PUEBLO
,,,,,,Death,12-Feb-08,PUEBLO
2607,SANDIEGOZ,Female,18-Sep-08,1131,2403,Birth/Hatch,18-Sep-08,ABQBIOPK
,,,,,,Transfer,18-Dec-18,SANDIEGOZ
,,,,,,Death,1-Feb-19,SANDIEGOZ
2608,AKRON,Female,18-Sep-08,1131,2403,Birth/Hatch,18-Sep-08,ABQBIOPK
,,,,,,Transfer,27-Aug-09,DUKE PRIM
,,,,,,Transfer,20-Jun-17,AKRON
,,,,,,Death,19-Jan-21,AKRON
2609,OMAHA,Male,14-Aug-09,1138,2506,Birth/Hatch,14-Aug-09,CLEVELAND
,,,,,,Transfer,13-Jun-12,MEMPHIS
,,,,,,Transfer,23-Apr-16,OMAHA
,,,,,,Death,28-May-16,OMAHA
2610,CLEVELAND,Undetermined,6-Nov-09,2496,2501,Birth/Hatch,6-Nov-09,CLEVELAND
,,,,,,Death,6-Nov-09,CLEVELAND
2611,MOODY,Male,13-May-09,1121,1145,Birth/Hatch,13-May-09,MOODY
,,,,,,Death,22-May-09,MOODY
2612,PHILADELP,Male,27-Mar-09,1130,2436,Birth/Hatch,27-Mar-09,PHILADELP
,,,,,,Death,30-Mar-09,PHILADELP
2613,ABQBIOPK,Male,18-Jul-09,1131,2403,Birth/Hatch,18-Jul-09,ABQBIOPK
,,,,,,Death,23-Jul-09,ABQBIOPK
2614,PUEBLO,Female,18-Jul-09,1131,2403,Birth/Hatch,18-Jul-09,ABQBIOPK
,,,,,,Transfer,18-Dec-18,SANDIEGOZ
,,,,,,Transfer,5-Nov-19,PUEBLO
2615,CHICAGOLP,Male,25-Apr-09,1142,2411,Birth/Hatch,25-Apr-09,CHICAGOLP
,,,,,,Death,25-Apr-09,CHICAGOLP
2616,CHICAGOLP,Female,25-Apr-09,1142,2411,Birth/Hatch,25-Apr-09,CHICAGOLP
,,,,,,Death,25-Apr-09,CHICAGOLP
2617,PHILADELP,Female,5-Feb-10,1130,2436,Birth/Hatch,5-Feb-10,PHILADELP
2618,PHILADELP,Male,5-Feb-10,1130,2436,Birth/Hatch,5-Feb-10,PHILADELP
,,,,,,Death,7-Feb-10,PHILADELP
2622,CINCINNAT,Male,17-Sep-10,2498,2502,Birth/Hatch,17-Sep-10,DUKE PRIM
,,,,,,Transfer,8-Feb-16,MEMPHIS
,,,,,,Transfer,16-May-19,CINCINNAT
2623,NY BRONX,Male,17-Sep-10,2498,2502,Birth/Hatch,17-Sep-10,DUKE PRIM
,,,,,,Transfer,1-Dec-11,SANDIEGOZ
,,,,,,Transfer,14-May-14,NY BRONX
2624,DUKE PRIM,Male,14-Mar-10,2402,2451,Birth/Hatch,14-Mar-10,GARDENCTY
,,,,,,Transfer,25-Oct-17,DUKE PRIM
,,,,,,Death,22-Nov-17,DUKE PRIM
2625,CINCINNAT,Female,6-Dec-10,2402,2451,Birth/Hatch,6-Dec-10,GARDENCTY
,,,,,,Transfer,13-Oct-11,CINCINNAT
,,,,,,Death,3-Mar-20,CINCINNAT
2626,CHICAGOBR,Female,6-Dec-10,2402,2451,Birth/Hatch,6-Dec-10,GARDENCTY
,,,,,,Transfer,22-Apr-14,CHICAGOBR
2627,MINNESOTA,Undetermined,25-Sep-10,2208,2418,Birth/Hatch,25-Sep-10,MINNESOTA
,,,,,,Death,25-Sep-10,MINNESOTA
2628,MINNESOTA,Undetermined,25-Sep-10,2208,2418,Birth/Hatch,25-Sep-10,MINNESOTA
,,,,,,Death,25-Sep-10,MINNESOTA
2629,MINNESOTA,Undetermined,25-Sep-10,2208,2418,Birth/Hatch,25-Sep-10,MINNESOTA
,,,,,,Death,25-Sep-10,MINNESOTA
2630,MOODY,Female,22-Mar-10,1121,1145,Birth/Hatch,22-Mar-10,MOODY
2631,CHICAGOBR,Male,22-Mar-10,1121,1145,Birth/Hatch,22-Mar-10,MOODY
,,,,,,Transfer,20-Feb-14,CHICAGOBR
2632,EL PASO,Female,9-Aug-10,1130,2436,Birth/Hatch,9-Aug-10,PHILADELP
,,,,,,Transfer,1-Feb-12,EL PASO
2633,PHILADELP,Undetermined,9-Aug-10,1130,2436,Birth/Hatch,9-Aug-10,PHILADELP
,,,,,,Death,9-Aug-10,PHILADELP
2634,LITTLEROC,Male,12-Aug-10,1131,2414,Birth/Hatch,12-Aug-10,ABQBIOPK
,,,,,,Transfer,24-Apr-14,LITTLEROC
2635,BLOOMINGT,Male,12-Aug-10,1131,2414,Birth/Hatch,12-Aug-10,ABQBIOPK
,,,,,,Transfer,12-Dec-13,BUSCH TAM
,,,,,,Transfer,3-Jan-17,BLOOMINGT
,,,,,,Death,23-Feb-18,BLOOMINGT
2636,NY BRONX,Undetermined,6-Dec-10,2417,2423,Birth/Hatch,6-Dec-10,NY BRONX
,,,,,,Death,22-May-11,NY BRONX
2637,CHICAGOLP,Female,4-Feb-11,2406,2608,Birth/Hatch,4-Feb-11,DUKE PRIM
,,,,,,Transfer,26-Oct-11,CHICAGOBR
,,,,,,Transfer,8-Jul-15,CHICAGOLP
2638,MOODY,Female,14-Jun-11,1121,1145,Birth/Hatch,14-Jun-11,MOODY
2639,COLUMBUS,Male,14-Jun-11,1121,1145,Birth/Hatch,14-Jun-11,MOODY
,,,,,,Transfer,4-Dec-13,COLUMBUS
2640,NY BRONX,Female,9-Apr-12,2420,2608,Birth/Hatch,9-Apr-12,DUKE PRIM
,,,,,,Transfer,14-May-14,NY BRONX
2641,EVANSVLLE,Male,9-Apr-12,2420,2608,Birth/Hatch,9-Apr-12,DUKE PRIM
,,,,,,Transfer,11-Jun-14,SANDIEGOZ
,,,,,,Transfer,23-May-18,EVANSVLLE
2642,COLUMBUS,Female,27-Oct-11,2402,2451,Birth/Hatch,27-Oct-11,GARDENCTY
,,,,,,Transfer,23-Nov-13,COLUMBUS
2643,NY BRONX,Female,9-Dec-11,2417,2423,Birth/Hatch,9-Dec-11,NY BRONX
,,,,,,Death,11-Dec-11,NY BRONX
2644,NY BRONX,Undetermined,9-Dec-11,2417,2423,Birth/Hatch,9-Dec-11,NY BRONX
,,,,,,Death,12-Dec-11,NY BRONX
2645,ABQBIOPK,Male,7-Dec-11,UND,2414,Birth/Hatch,7-Dec-11,ABQBIOPK
,,,,,,Death,20-Jan-15,ABQBIOPK
2646,CHICAGOLP,Male,26-Apr-13,2449,2632,Birth/Hatch,26-Apr-13,EL PASO
,,,,,,Transfer,7-Jul-15,CHICAGOLP
2647,GARDENCTY,Female,26-Apr-13,2449,2632,Birth/Hatch,26-Apr-13,EL PASO
,,,,,,Transfer,27-May-15,GARDENCTY
,,,,,,Death,16-Mar-17,GARDENCTY
2648,DUKE PRIM,Male,20-Jun-12,2498,2502,Birth/Hatch,20-Jun-12,DUKE PRIM
,,,,,,Death,3-Jul-12,DUKE PRIM
2649,MOODY,Male,20-Jun-12,2498,2502,Birth/Hatch,20-Jun-12,DUKE PRIM
,,,,,,Transfer,10-Sep-15,MOODY
2650,PHILADELP,Undetermined,26-Jan-13,1130,2436,Birth/Hatch,26-Jan-13,PHILADELP
,,,,,,Death,26-Jan-13,PHILADELP
2651,PHILADELP,Male,26-Jan-13,1130,2436,Birth/Hatch,26-Jan-13,PHILADELP
,,,,,,Death,26-Jan-13,PHILADELP
2652,OMAHA,Male,21-Aug-13,2408,2418,Birth/Hatch,21-Aug-13,AKRON
,,,,,,Transfer,8-Jun-17,OMAHA
2653,PUEBLO,Male,22-Aug-14,2449,2632,Birth/Hatch,22-Aug-14,EL PASO
,,,,,,Transfer,21-Sep-15,ABQBIOPK
,,,,,,Transfer,18-Dec-18,SANDIEGOZ
,,,,,,Transfer,5-Nov-19,PUEBLO
2654,LITTLEROC,Female,22-Aug-14,2449,2632,Birth/Hatch,22-Aug-14,EL PASO
,,,,,,Transfer,23-Sep-15,LITTLEROC
2655,CLEVELAND,Male,22-Jan-15,2496,2403,Birth/Hatch,22-Jan-15,CLEVELAND
,,,,,,Death,22-Jan-15,CLEVELAND
2656,CLEVELAND,Undetermined,22-Jan-15,2496,2403,Birth/Hatch,22-Jan-15,CLEVELAND
,,,,,,Death,22-Jan-15,CLEVELAND
2657,CHICAGOBR,Female,24-Apr-15,2631,2626,Birth/Hatch,24-Apr-15,CHICAGOBR
,,,,,,Death,28-Apr-15,CHICAGOBR
2658,CHICAGOBR,Undetermined,28-Apr-15,2631,2626,Birth/Hatch,28-Apr-15,CHICAGOBR
,,,,,,Death,28-Apr-15,CHICAGOBR
2659,COLUMBUS,Female,18-May-15,2450,2414,Birth/Hatch,18-May-15,CLEVELAND
,,,,,,Transfer,3-Jun-16,COLUMBUS
2660,CLEVELAND,Undetermined,18-May-15,2450,2414,Birth/Hatch,18-May-15,CLEVELAND
,,,,,,Death,19-May-15,CLEVELAND
2661,BLOOMINGT,Female,9-Jun-15,2639,2642,Birth/Hatch,9-Jun-15,COLUMBUS
,,,,,,Transfer,29-Jun-16,BUSCH TAM
,,,,,,Transfer,3-Jan-17,BLOOMINGT
2662,COLUMBUS,Undetermined,9-Jun-15,2639,2642,Birth/Hatch,9-Jun-15,COLUMBUS
,,,,,,Death,9-Jun-15,COLUMBUS
2663,NY BRONX,Male,1-Mar-15,2623,2640,Birth/Hatch,1-Mar-15,NY BRONX
,,,,,,Death,6-Mar-15,NY BRONX
2664,NY BRONX,Female,4-Mar-15,2623,2640,Birth/Hatch,4-Mar-15,NY BRONX
,,,,,,Death,4-Mar-15,NY BRONX
2665,NY BRONX,Female,10-Apr-15,2417,2423,Birth/Hatch,10-Apr-15,NY BRONX
,,,,,,Death,11-Apr-15,NY BRONX
2666,GARDENCTY,Female,25-Mar-16,2639,2642,Birth/Hatch,25-Mar-16,COLUMBUS
,,,,,,Transfer,30-Aug-17,GARDENCTY
2667,AKRON,Male,25-Mar-16,2639,2642,Birth/Hatch,25-Mar-16,COLUMBUS
,,,,,,Transfer,28-Aug-17,AKRON
2668,CHICAGOLP,Male,25-Apr-16,2646,2637,Birth/Hatch,25-Apr-16,CHICAGOLP
,,,,,,Death,27-Apr-16,CHICAGOLP
2669,CHICAGOLP,Undetermined,25-Apr-16,2646,2637,Birth/Hatch,25-Apr-16,CHICAGOLP
,,,,,,Death,28-Apr-16,CHICAGOLP
2670,EL PASO,Undetermined,28-Sep-16,2449,2632,Birth/Hatch,28-Sep-16,EL PASO
,,,,,,Death,29-Sep-16,EL PASO
2671,GARDENCTY,Male,28-Sep-16,2449,2632,Birth/Hatch,28-Sep-16,EL PASO
,,,,,,Transfer,25-Oct-17,GARDENCTY
2672,EL PASO,Female,28-Sep-16,2449,2632,Birth/Hatch,28-Sep-16,EL PASO
,,,,,,Death,10-Oct-16,EL PASO
2673,MEMPHIS,Male,16-Dec-16,2649,2638,Birth/Hatch,16-Dec-16,MOODY
,,,,,,Transfer,30-Jan-18,PUEBLO
,,,,,,Transfer,4-Nov-19,MEMPHIS
2674,PROSPECTP,Female,16-Dec-16,2649,2638,Birth/Hatch,16-Dec-16,MOODY
,,,,,,Transfer,26-Apr-18,PROSPECTP
2675,CHICAGOBR,Undetermined,3-Nov-16,2631,2626,Birth/Hatch,3-Nov-16,CHICAGOBR
,,,,,,Death,9-Nov-16,CHICAGOBR
2676,PHILADELP,Male,3-Nov-16,2631,2626,Birth/Hatch,3-Nov-16,CHICAGOBR
,,,,,,Transfer,26-Oct-17,PHILADELP
2677,OMAHA,Female,18-Jan-17,2496,2502,Birth/Hatch,18-Jan-17,DUKE PRIM
,,,,,,Transfer,14-Sep-17,OMAHA
2678,DUKE PRIM,Female,18-Jan-17,2496,2502,Birth/Hatch,18-Jan-17,DUKE PRIM
,,,,,,Death,19-Jan-17,DUKE PRIM
2679,DULUTH,Female,5-Feb-17,2639,2642,Birth/Hatch,5-Feb-17,COLUMBUS
,,,,,,Transfer,11-Jul-19,DULUTH
2680,COLUMBUS,Undetermined,5-Feb-17,2639,2642,Birth/Hatch,5-Feb-17,COLUMBUS
,,,,,,Death,5-Feb-17,COLUMBUS
2681,CHICAGOLP,Male,1-Mar-17,2646,2637,Birth/Hatch,1-Mar-17,CHICAGOLP
,,,,,,Death,28-Mar-17,CHICAGOLP
2682,BLOOMINGT,Male,8-Aug-17,2634,2654,Birth/Hatch,8-Aug-17,LITTLEROC
,,,,,,Transfer,14-Feb-19,BLOOMINGT
2683,MEMPHIS,Female,8-Aug-17,2634,2654,Birth/Hatch,8-Aug-17,LITTLEROC
,,,,,,Transfer,14-May-19,MEMPHIS
2684,CHICAGOLP,Undetermined,28-Nov-17,2646,2637,Birth/Hatch,28-Nov-17,CHICAGOLP
,,,,,,Death,30-Nov-17,CHICAGOLP
2685,DULUTH,Male,28-Nov-17,2646,2637,Birth/Hatch,28-Nov-17,CHICAGOLP
,,,,,,Transfer,11-Jul-19,DULUTH
2686,COLUMBUS,Male,27-May-18,2639,2659,Birth/Hatch,27-May-18,COLUMBUS
,,,,,,Death,4-Jun-18,COLUMBUS
2687,COLUMBUS,Male,27-May-18,2639,2659,Birth/Hatch,27-May-18,COLUMBUS
,,,,,,Death,27-May-18,COLUMBUS
2688,SANDIEGOZ,Undetermined,31-Jan-19,2653,2607,Birth/Hatch,31-Jan-19,SANDIEGOZ
,,,,,,Death,31-Jan-19,SANDIEGOZ
2689,CLEVELAND,Male,28-May-19,2639,2659,Birth/Hatch,28-May-19,COLUMBUS
,,,,,,Transfer,25-Jun-20,CLEVELAND
2690,CLEVELAND,Male,28-May-19,2639,2659,Birth/Hatch,28-May-19,COLUMBUS
,,,,,,Transfer,25-Jun-20,CLEVELAND
2691,AKRON,Undetermined,16-May-19,2667,2608,Birth/Hatch,16-May-19,AKRON
,,,,,,Death,16-May-19,AKRON
2692,MEMPHIS,Undetermined,25-Sep-10,2415,2416,Birth/Hatch,25-Sep-10,MEMPHIS
,,,,,,Death,25-Sep-10,MEMPHIS
2693,NY BRONX,Male,6-Dec-10,2417,2423,Birth/Hatch,6-Dec-10,NY BRONX
,,,,,,Death,6-Dec-10,NY BRONX
2694,MEMPHIS,Undetermined,27-Sep-10,2415,2416,Birth/Hatch,27-Sep-10,MEMPHIS
,,,,,,Death,27-Sep-10,MEMPHIS
2695,AKRON,Undetermined,20-Nov-08,2408,2400,Birth/Hatch,20-Nov-08,AKRON
,,,,,,Death,21-Nov-08,AKRON
2696,AKRON,Male,3-Apr-08,2408,2400,Birth/Hatch,3-Apr-08,AKRON
,,,,,,Death,3-Apr-08,AKRON
2697,AKRON,Female,3-Apr-08,2408,2400,Birth/Hatch,3-Apr-08,AKRON
,,,,,,Death,3-Apr-08,AKRON
2698,AKRON,Undetermined,15-Jun-07,2408,2400,Birth/Hatch,15-Jun-07,AKRON
,,,,,,Death,16-Jun-07,AKRON
2699,AKRON,Undetermined,15-Jun-07,2408,2400,Birth/Hatch,15-Jun-07,AKRON
,,,,,,Death,16-Jun-07,AKRON
2700,PUEBLO,Undetermined,21-Apr-07,1125,1124,Birth/Hatch,21-Apr-07,PUEBLO
,,,,,,Death,23-Apr-07,PUEBLO
2701,PUEBLO,Undetermined,21-Apr-07,1125,1124,Birth/Hatch,21-Apr-07,PUEBLO
,,,,,,Death,23-Apr-07,PUEBLO
2702,PUEBLO,Undetermined,21-Apr-07,1125,1124,Birth/Hatch,21-Apr-07,PUEBLO
,,,,,,Death,21-Apr-07,PUEBLO
2703,CLEVELAND,Undetermined,24-Dec-05,1138,2413,Birth/Hatch,24-Dec-05,CLEVELAND
,,,,,,Death,24-Dec-05,CLEVELAND
2704,CLEVELAND,Undetermined,24-Dec-05,1138,2413,Birth/Hatch,24-Dec-05,CLEVELAND
,,,,,,Death,24-Dec-05,CLEVELAND
2705,MOODY,Male,16-Jan-20,2649,2630,Birth/Hatch,16-Jan-20,MOODY
,,,,,,Death,2-Feb-20,MOODY
2706,NY BRONX,Undetermined,11-Mar-20,2623,2640,Birth/Hatch,11-Mar-20,NY BRONX
,,,,,,Death,11-Mar-20,NY BRONX
2707,CHICAGOBR,Female,26-Aug-20,2631,2626,Birth/Hatch,26-Aug-20,CHICAGOBR
2708,CHICAGOBR,Female,26-Aug-20,2631,2626,Birth/Hatch,26-Aug-20,CHICAGOBR
2709,EVANSVLLE,Undetermined,27-Oct-20,2641,2502,Birth/Hatch,27-Oct-20,EVANSVLLE
,,,,,,Death,29-Oct-20,EVANSVLLE
2710,MOODY,Male,4-Dec-20,2649,2638,Birth/Hatch,4-Dec-20,MOODY
,,,,,,Death,6-Feb-21,MOODY
2711,COLUMBUS,Undetermined,25-Feb-21,2639,2642,Birth/Hatch,25-Feb-21,COLUMBUS
2712,NY BRONX,Female,"~ from
11/Mar/2021 to 12/Mar/2021",2623,2640,Birth/Hatch,"~ from
11/Mar/2021 to 12/Mar/2021",NY BRONX
,,,,,,Death,23-Mar-21,NY BRONX
2713,NY BRONX,Male,~ from 11/Mar/2021 to 12/Mar/2021,2623,2640,Birth/Hatch,~ from 11/Mar/2021 to 12/Mar/2021,NY BRONX