ID,Current Location,Sex,Birth_Date,Sire,Dam,Event Type,Date,Location,
126,ATLANTA,Female,"Apr 11,
2021",64,87,Birth/Hatch,"Apr 11, 2021",ATLANTA,
87,ATLANTA,Female,"Mar 29,
2013",76,73,Birth/Hatch,"Mar 29, 2013",SD-WAP,
,,,,,,Transfer,"Oct 17, 2013",ATLANTA,
126,ATLANTA,Female,"Apr 11,
2021",64,87,Birth/Hatch,"Apr 11, 2021",ATLANTA,
88,ATLANTA,Male,"Apr 23,
2013",76,73,Birth/Hatch,"Apr 23, 2013",SD-WAP,
,,,,,,Transfer,"Oct 17, 2013",ATLANTA,
64,ATLANTA,Male,"Jul 01,
2005",23,24,Birth/Hatch,"Jul 01, 2005",HONOLULU,
,,,,,,Transfer,"Feb 22, 2006",ST AUGUST,
,,,,,,Transfer,"Nov 08, 2011",ST AUGUST,
,,,,,,Transfer,"Sep 24, 2014",ATLANTA,
129,C R R R C,Female,"Feb 22,
2022",60,27,Birth/Hatch,"Feb 22, 2022",ST AUGUST,
,,,,,,Transfer,"Feb 23, 2022",WORLDBIRD,
,,,,,,Transfer,"Mar 02, 2022",C R R R C,
83,CLEVELAND,Female,"Apr 06,
2010",23,24,Birth/Hatch,"Apr 06, 2010",HONOLULU,
,,,,,,Transfer,"Dec 16, 2010",CLEVELAND,
43,CRAWFRD W,Female,"Mar 24,
1998",3,11,Birth/Hatch,"Mar 24, 1998",DETROIT,
,,,,,,Transfer,"Oct 29, 2008",ST AUGUST,
,,,,,,Transfer,"May 10, 2021",CRAWFRD W,
111,CRAWFRD W,Male,"Jan 01,
1995 +/-
3 year",UND,UND,Birth/Hatch,"Jan 01, 1995
+/- 3 year",PRIVATE,
,,,,,,Transfer,"Feb 24, 1995",CRAWFRD W,
91,DALLAS,Female,"Mar 19,
2014",76,73,Birth/Hatch,"Mar 19, 2014",SD-WAP,
,,,,,,Transfer,"Aug 08, 2014",DALLAS,
,,,,,,Transfer,"Mar 18, 2015",DALLAS,
50,DALLAS,Female,"Jan 01,
1999",WILD,WILD,Birth/Hatch,"Jan 01, 1999",Africa,
,,,,,,Wild Capture,"Jan 01, 1999",Africa,
,,,,,,Transfer,"Jul 05, 1999",AMES,
,,,,,,Transfer,"Aug 05, 1999",CALGARY,
,,,,,,Transfer,"Oct 16, 2013",DALLAS,
35,DALLAS,Female,"Apr 07,
1995",32,31,Birth/Hatch,"Apr 07, 1995",DALLAS,
71,DALLAS,Male,"Jan 01,
2006",WILD,WILD,Birth/Hatch,"Jan 01, 2006",Guinea / ~,
,,,,,,Wild Capture,"~ from Jan 02, 2006 to Aug
25, 2006",Guinea / ~,
,,,,,,Transfer,"Aug 26, 2006",VOGELIMP,
,,,,,,Transfer,"Sep 26, 2006",WORLDBIRD,
,,,,,,Transfer,"Jul 22, 2009",SAFARI W,
,,,,,,Transfer,"Sep 20, 2017",DALLAS,
68,DALLAS,Male,"Jan 01,
2006",WILD,WILD,Birth/Hatch,"Jan 01, 2006",Guinea / ~,
,,,,,,Wild Capture,"~ from Jan 02, 2006 to Aug
25, 2006",Guinea / ~,
,,,,,,Transfer,"Aug 26, 2006",VOGELIMP,
,,,,,,Transfer,"Sep 26, 2006",WORLDBIRD,
,,,,,,Transfer,"Nov 23, 2008",NATAVPGH,
,,,,,,Transfer,"Sep 02, 2014",DALLAS,
57,DALLAS,Male,"Jan 11,
2002",28,27,Birth/Hatch,"Jan 11, 2002",PITTSBURG,
,,,,,,Transfer,"Jan 11, 2002",PORTLAND,
,,,,,,Transfer,"Nov 18, 2002",PORTLAND,
,,,,,,Transfer,"Oct 31, 2017",DALLAS,
121,DALLAS,Male,"Jan 31,
2021",57,50,Birth/Hatch,"Jan 31, 2021",DALLAS,
113,HONOLULU,Female,"Mar 04,
2019",76,73,Birth/Hatch,"Mar 04, 2019",SD-WAP,
,,,,,,Transfer,"Apr 21, 2021",HONOLULU,
109,HONOLULU,Male,"May 22,
2018",57,50,Birth/Hatch,"May 22, 2018",DALLAS,
,,,,,,Transfer,"Nov 20, 2020",HONOLULU,
107,HOUSTON,Male,"Apr 01,
2018",60,27,Birth/Hatch,"Apr 01, 2018",ST AUGUST,
,,,,,,Transfer,"Feb 27, 2021",HOUSTON,
115,HOUSTON,Male,"Mar 20,
2020",60,27,Birth/Hatch,"Mar 20, 2020",ST AUGUST,
,,,,,,Transfer,"Feb 27, 2021",HOUSTON,
117,JACKSONVL,Female,"Mar 27,
2020",55,74,Birth/Hatch,"Mar 27, 2020",SD-WAP,
,,,,,,Transfer,"Dec 16, 2022",JACKSONVL,
131,JACKSONVL,Male,"Apr 06,
2022",57,50,Birth/Hatch,"Apr 06, 2022",DALLAS,
,,,,,,Transfer,"Dec 15, 2022",JACKSONVL,
96,NATAVPGH,Female,"Mar 26,
2016",76,73,Birth/Hatch,"Mar 26, 2016",SD-WAP,
,,,,,,Transfer,"Apr 06, 2017",NATAVPGH,
100,NATAVPGH,Female,"Mar 13,
2017",55,74,Birth/Hatch,"Mar 13, 2017",SD-WAP,
,,,,,,Transfer,"Mar 28, 2018",PROVIDNCE,
,,,,,,Transfer,"Sep 12, 2019",NATAVPGH,
69,NATAVPGH,Male,"Jan 01,
2006",WILD,WILD,Birth/Hatch,"Jan 01, 2006",Guinea / ~,
,,,,,,Wild Capture,"~ from Jan 02, 2006 to Aug
25, 2006",Guinea / ~,
,,,,,,Transfer,"Aug 26, 2006",VOGELIMP,
,,,,,,Transfer,"Sep 26, 2006",WORLDBIRD,
,,,,,,Transfer,"Nov 23, 2008",NATAVPGH,
67,NATAVPGH,Male,"Jan 01,
2006",WILD,WILD,Birth/Hatch,"Jan 01, 2006",Guinea / ~,
,,,,,,Wild Capture,"~ from Jan 02, 2006 to Aug
25, 2006",Guinea / ~,
,,,,,,Transfer,"Aug 26, 2006",VOGELIMP,
,,,,,,Transfer,"Sep 26, 2006",WORLDBIRD,
,,,,,,Transfer,"Nov 23, 2008",NATAVPGH,
63,NATAVPGH,Male,"Feb 15,
2005",28,27,Birth/Hatch,"Feb 15, 2005",PITTSBURG,
,,,,,,Transfer,"May 17, 2005",NATAVPGH,
,,,,,,Transfer,"May 31, 2005",WORLDBIRD,
,,,,,,Transfer,"May 07, 2006",NATAVPGH,
,,,,,,Transfer,"Sep 12, 2006",WORLDBIRD,
,,,,,,Transfer,"Feb 28, 2008",NATAVPGH,
66,NATAVPGH,Male,"Jan 01,
2006",WILD,WILD,Birth/Hatch,"Jan 01, 2006",Guinea / ~,
,,,,,,Wild Capture,"~ from Jan 02, 2006 to Aug
25, 2006",Guinea / ~,
,,,,,,Transfer,"Aug 26, 2006",VOGELIMP,
,,,,,,Transfer,"Sep 26, 2006",WORLDBIRD,
,,,,,,Transfer,"Nov 23, 2008",NATAVPGH,
65,NATAVPGH,Male,"Jan 01,
2006",WILD,WILD,Birth/Hatch,"Jan 01, 2006",Guinea / ~,
,,,,,,Wild Capture,"~ from Jan 02, 2006 to Aug
25, 2006",Guinea / ~,
,,,,,,Transfer,"Aug 26, 2006",VOGELIMP,
,,,,,,Transfer,"Sep 26, 2006",WORLDBIRD,
,,,,,,Transfer,"Nov 23, 2008",NATAVPGH,
116,OAKLAND,Female,"Apr 21,
2020",57,50,Birth/Hatch,"Apr 21, 2020",DALLAS,
,,,,,,Transfer,"May 05, 2021",OAKLAND,
81,OAKLAND,Male,"Mar 23,
2010",71,72,Birth/Hatch,"Mar 23, 2010",SAFARI W,
,,,,,,Transfer,"May 08, 2014",WORLDBIRD,
,,,,,,Transfer,"Nov 11, 2021",OAKLAND,
132,SAFARI W,Female,"Mar 05,
2022",46,72,Birth/Hatch,"Mar 05, 2022",SAFARI W,
72,SAFARI W,Female,"Jan 01,
2006",WILD,WILD,Birth/Hatch,"Jan 01, 2006",Guinea / ~,
,,,,,,Wild Capture,"~ from Jan 02, 2006 to Aug
25, 2006",Guinea / ~,
,,,,,,Transfer,"Aug 26, 2006",VOGELIMP,
,,,,,,Transfer,"Sep 26, 2006",WORLDBIRD,
,,,,,,Transfer,"Jul 22, 2009",SAFARI W,
46,SAFARI W,Male,"Jan 16,
1999",23,24,Birth/Hatch,"Jan 16, 1999",HONOLULU,
,,,,,,Transfer,"Jun 03, 1999",WORLDBIRD,
,,,,,,Transfer,"Jul 22, 2009",SAFARI W,
103,SAFARI W,Male,"Jun 07,
2017",46,72,Birth/Hatch,"Jun 07, 2017",SAFARI W,
73,SD-WAP,Female,"~ from Jan 01, 2003
to Jan 01,
2005",WILD,WILD,Birth/Hatch,"~ from Jan 01, 2003 to Jan
01, 2005",Guinea / ~,
,,,,,,Wild Capture,"~ from Jan 02, 2004 to Dec
04, 2006",Guinea / ~,
,,,,,,Transfer,"Dec 05, 2006",VOGELIMP,
,,,,,,Transfer,"Jan 05, 2007",SD-WAP,
74,SD-WAP,Female,"~ from Jan 01, 2003
to Jan 01,
2005",WILD,WILD,Birth/Hatch,"~ from Jan 01, 2003 to Jan
01, 2005",Guinea / ~,
,,,,,,Wild Capture,"~ from Jan 02, 2004 to Dec
04, 2006",Guinea / ~,
,,,,,,Transfer,"Dec 05, 2006",VOGELIMP,
,,,,,,Transfer,"Jan 05, 2007",SD-WAP,
86,SD-WAP,Female,"Sep 29,
2012",76,73,Birth/Hatch,"Sep 29, 2012",SD-WAP,
105,SD-WAP,Male,"Feb 25,
2018",76,73,Birth/Hatch,"Feb 25, 2018",SD-WAP,
55,SD-WAP,Male,"Feb 10,
2001",23,24,Birth/Hatch,"Feb 10, 2001",HONOLULU,
,,,,,,Transfer,"Sep 06, 2001",SD-WAP,
104,SD-WAP,Male,"Feb 14,
2018",55,74,Birth/Hatch,"Feb 14, 2018",SD-WAP,
130,SD-WAP,Male,"~ from Mar 27,
2022 to
Mar 28,
2022",76,73,Birth/Hatch,"~ from Mar 27, 2022 to Mar
28, 2022",SD-WAP,
118,SD-WAP,Male,"Mar 19,
2020",76,73,Birth/Hatch,"Mar 19, 2020",SD-WAP,
76,SD-WAP,Male,"May 30,
2007",23,24,Birth/Hatch,"May 30, 2007",HONOLULU,
,,,,,,Transfer,"Dec 27, 2007",SD-WAP,
99,ST AUGUST,Female,"Feb 23,
2017",60,27,Birth/Hatch,"Feb 23, 2017",ST AUGUST,
122,ST AUGUST,Male,"Apr 01,
2021",97,99,Birth/Hatch,"Apr 01, 2021",ST AUGUST,
97,ST AUGUST,Male,"Jun 03,
2016",55,74,Birth/Hatch,"Jun 03, 2016",SD-WAP,
,,,,,,Transfer,"Apr 06, 2017",ST AUGUST,
60,ST AUGUST,Male,"Apr 09,
2003",23,24,Birth/Hatch,"Apr 09, 2003",HONOLULU,
,,,,,,Transfer,"Jul 21, 2004",BUSCH TAM,
,,,,,,Transfer,"Aug 14, 2009",ST AUGUST,
127,ST AUGUST,Male,"Feb 06,
2022",57,50,Birth/Hatch,"Feb 06, 2022",ST AUGUST,
95,WORLDBIRD,Female,"May 12,
2015",71,72,Birth/Hatch,"May 12, 2015",SAFARI W,
,,,,,,Transfer,"Oct 16, 2015",WORLDBIRD,
,,,,,,Transfer,"Mar 04, 2018",WORLDBIRD,
90,WORLDBIRD,Male,"Feb 27,
2014",60,27,Birth/Hatch,"Feb 27, 2014",ST AUGUST,
,,,,,,Transfer,"Apr 17, 2014",WORLDBIRD,
106,WORLDBIRD,Male,"Feb 28,
2018",60,27,Birth/Hatch,"Feb 28, 2018",ST AUGUST,
,,,,,,Transfer,"Mar 04, 2018",WORLDBIRD,
112,WORLDBIRD,Male,"Mar 11,
2019",60,27,Birth/Hatch,"Mar 11, 2019",ST AUGUST,
,,,,,,Transfer,"Mar 14, 2019",WORLDBIRD,