ID,Current_Location,Current Local ID,Sex,Sire,Dam,Age,Event_Type,Date,Location,Local ID
1081,ALEXANDRI,M00474,Male,960,1007,"9Y,2M,23D",Birth/Hatch,6-Feb-13,DREHER PA,213007
,,,,,,,Transfer,9-Dec-13,ALEXANDRI,M00474
1078,ALEXANDRI,M00472,Male,960,1007,"9Y,2M,23D",Birth/Hatch,6-Feb-13,DREHER PA,213004
,,,,,,,Transfer,9-Dec-13,ALEXANDRI,M00472
1144,ATTLEBORO,122468,Male,UND,UND,"11Y,1M,13D",Birth/Hatch,16-Mar-11,YATES,UNK
,,,,,,,Transfer,16-Jun-11,BUSCH TAM,64934
,,,,,,,Transfer,27-Oct-15,WCSRC,201513
,,,,,,,Transfer,6-Apr-22,ATTLEBORO,122468
1068,ATTLEBORO,115390,Female,915,955,"9Y,9M,13D",Birth/Hatch,16-Jul-12,CINCINNAT,112054
,,,,,,,Transfer,24-Oct-13,BATTLE CR,M13020
,,,,,,,Transfer,23-Dec-15,ATTLEBORO,115390
1014,BINGHAMTO,M09018,Female,UND,UND,"12Y,10M,9D",Birth/Hatch,20-Jun-09,PRIVATE,
,,,,,,,Transfer,24-Jul-09,BINGHAMTO,M09018
,,,,,,,Transfer,21-Oct-14,PITTSBURG,102914
,,,,,,,Transfer,23-Oct-19,BINGHAMTO,M09018
1155,BINGHAMTO,22001,Female,UND,UND,"3Y,11M,28D",Birth/Hatch,"~ from May 01, 2017 to
May 01, 2019",Undetermined,-
,,,,,,,Transfer,"~ from Apr 01, 2021 to
May 31, 2021",WILDCARE,21-2219
,,,,,,,Transfer,21-Apr-22,BINGHAMTO,22001
1066,BIRMINGHM,112006,Male,995,996,"9Y,9M,27D",Birth/Hatch,2-Jul-12,SAFARI W,112062
,,,,,,,Transfer,11-Jul-12,PRIVATE,UNK
,,,,,,,Transfer,6-Sep-12,SAFARI W,112062
,,,,,,,Transfer,6-Sep-12,PRIVATE,UNK
,,,,,,,Transfer,11-Sep-12,SAFARI W,112062
,,,,,,,Transfer,12-Sep-12,BIRMINGHM,112006
2944,CALSCICTR,UNK,Male,1113,1139,"2Y,3M,21D",Birth/Hatch,8-Jan-20,COAL VAL,M2420
,,,,,,,Transfer,28-May-21,CALSCICTR,UNK
1056,CALSCICTR,UNK,Female,897,2871,"9Y,10M,17D",Birth/Hatch,12-Jun-12,PALM DES,412010
,,,,,,,Transfer,4-Jun-21,CALSCICTR,UNK
1104,CHATTANOG,1153,Female,1088,1086,"8Y,7M,18D",Birth/Hatch,11-Sep-13,CHATTANOG,1153
1088,CHATTANOG,4443,Male,UND,UND,"10Y,1M,22D",Birth/Hatch,7-Mar-12,Undetermined,-
,,,,,,,Transfer,11-May-12,CHATTANOG,4443
1021,CHATTANOG,4440,Female,UND,UND,"13Y,3M,28D",Birth/Hatch,1-Jan-09,PRIVATE,SOPHIE
,,,,,,,Transfer,26-Mar-10,CHATTANOG,4440
1103,CHATTANOG,1152,Female,1088,1086,"8Y,7M,18D",Birth/Hatch,11-Sep-13,CHATTANOG,1152
1138,CHATTANOG,1178,Male,1108,1021,"7Y,3M,6D",Birth/Hatch,23-Jan-15,CHATTANOG,1178
1087,CHATTANOG,4442,Female,UND,UND,"10Y,1M,25D",Birth/Hatch,4-Mar-12,Undetermined,-
,,,,,,,Transfer,11-May-12,CHATTANOG,4442
1110,CHATTANOG,1347,Female,897,2871,"8Y,0M,14D",Birth/Hatch,15-Apr-14,PALM DES,414011
,,,,,,,Transfer,21-Dec-20,CHATTANOG,1347
1111,CINCINNAT,115063,Male,897,2871,"8Y,0M,14D",Birth/Hatch,15-Apr-14,PALM DES,414013
,,,,,,,Transfer,16-Nov-15,CINCINNAT,115063
2915,CINCINNAT,118015,Female,1114,980,"6Y,2M,25D",Birth/Hatch,4-Feb-16,NZP-WASH,115314
,,,,,,,Transfer,4-Apr-18,CINCINNAT,118015
1152,COAL VAL,M2541,Female,1017,2952,"0Y,0M,26D",Birth/Hatch,3-Apr-22,COAL VAL,M2541
1017,COAL VAL,M2483,Male,981,982,"11Y,0M,21D",Birth/Hatch,8-Apr-11,DISNEY AK,110193
,,,,,,,Transfer,5-Dec-11,NY BRONX,E11027
,,,,,,,Transfer,22-Sep-16,FRESNO,207082
,,,,,,,Transfer,2-Dec-21,COAL VAL,M2483
2952,COAL VAL,M2484,Female,UND,UND,"2Y,10M,12D",Birth/Hatch,"~ from Jan 01, 2019 to Dec
01, 2019",Undetermined,-
,,,,,,,Transfer,7-Dec-21,COAL VAL,M2484
2946,COAL VAL,M2422,Male,1113,1139,"2Y,3M,21D",Birth/Hatch,8-Jan-20,COAL VAL,M2422
1151,COAL VAL,M2540,Male,1017,2952,"0Y,0M,26D",Birth/Hatch,3-Apr-22,COAL VAL,M2540
2022,COLUMBUS,213003,Male,UND,UND,"9Y,3M,24D",Birth/Hatch,5-Jan-13,PRIVATE,UNK
,,,,,,,Transfer,25-Jan-13,COLUMBUS,213003
2023,COLUMBUS,213004,Female,UND,UND,"9Y,3M,24D",Birth/Hatch,5-Jan-13,PRIVATE,UNK
,,,,,,,Transfer,25-Jan-13,COLUMBUS,213004
,,,,,,,,,,
2024,COLUMBUS,213005,Female,UND,UND,"9Y,3M,24D",Birth/Hatch,5-Jan-13,PRIVATE,UNK
,,,,,,,Transfer,25-Jan-13,COLUMBUS,213005
1098,DREHER PA,213021,Male,960,1007,"8Y,11M,4D",Birth/Hatch,25-May-13,DREHER PA,213021
,,,,,,,Transfer,10-Apr-14,ST LOUIS,116203
,,,,,,,Transfer,15-Sep-15,DREHER PA,213021
1089,EL PASO,201848,Male,1016,975,"9Y,1M,6D",Birth/Hatch,23-Mar-13,SYRACUSE,M13022
,,,,,,,Transfer,19-Apr-17,EL PASO,201848
1082,EL PASO,201850,Female,1016,975,"9Y,8M,25D",Birth/Hatch,4-Aug-12,SYRACUSE,M12100
,,,,,,,Transfer,19-Apr-17,EL PASO,201850
1083,EL PASO,201849,Female,1016,975,"9Y,8M,25D",Birth/Hatch,4-Aug-12,SYRACUSE,M12101
,,,,,,,Transfer,19-Apr-17,EL PASO,201849
1130,EVANSVLLE,119020,Female,UND,UND,"8Y,0M,29D",Birth/Hatch,31-Mar-14,Undetermined,-
,,,,,,,Transfer,10-Jun-14,MINNESOTA,13942
,,,,,,,Transfer,27-Aug-19,EVANSVLLE,119020
1049,EVANSVLLE,119023,Male,1016,975,"10Y,0M,8D",Birth/Hatch,21-Apr-12,SYRACUSE,M12009
,,,,,,,Transfer,4-Oct-19,EVANSVLLE,119023
2953,FRANKLINP,A21027,Female,UND,UND,"4Y,9M,27D",Birth/Hatch,"~ from Jan 01, 2017 to Dec
31, 2017",Undetermined,-
,,,,,,,GO LTF,"~ from Jan 01, 2017 to Dec
31, 2017",Undetermined,-
,,,,,,,"Return from
LTF",16-Dec-21,WILDCARE,21-2217
,,,,,,,Transfer,16-Dec-21,FRANKLINP,A21027
1058,FRESNO,203124,Male,897,2871,"9Y,10M,17D",Birth/Hatch,12-Jun-12,PALM DES,412012
,,,,,,,Transfer,30-Dec-12,FRESNO,203124
2947,HATTIESBG,579,Male,UND,UND,"5Y,1M,5D",Birth/Hatch,"Mar 24, 2017 +/- 6 month",PRIVATE,UNK
,,,,,,,Transfer,19-Sep-19,HATTIESBG,579
,,,,,,,,,,
1149,HATTIESBG,645,Male,UND,UND,"3Y,9M,27D",Birth/Hatch,"~ from Jan 01, 2018 to Dec
31, 2018",PRIVATE,Undetermined
,,,,,,,GO LTF,"~ from Jan 01, 2018 to Dec
31, 2018",PRIVATE,Undetermined
,,,,,,,"Return from
LTF",22-Dec-21,PRIVATE,Undetermined
,,,,,,,Transfer,22-Dec-21,HATTIESBG,645
1150,HATTIESBG,646,Female,UND,UND,"3Y,9M,27D",Birth/Hatch,"~ from Jan 01, 2018 to Dec 31, 2018",PRIVATE,Undetermined
,,,,,,,GO LTF,"~ from Jan 01, 2019 to Dec
31, 2018",PRIVATE,Undetermined
,,,,,,,"Return from
LTF",22-Dec-21,PRIVATE,Undetermined
,,,,,,,Transfer,22-Dec-21,HATTIESBG,646
970,HONOLULU,210055,Female,957,958,"11Y,11M,6D",Birth/Hatch,23-May-10,HONOLULU,210055
2006,KANSASCTY,M22003,Male,972,946,"8Y,11M,1D",Birth/Hatch,28-May-13,PITTSBURG,102789
,,,,,,,Transfer,"Oct 22, 2013 +/- 1 year",LINCOLN C,1683
,,,,,,,Transfer,23-Feb-22,KANSASCTY,M22003
1070,KANSASCTY,M17059,Male,979,980,"9Y,6M,16D",Birth/Hatch,13-Oct-12,MILWAUKEE,5787
,,,,,,,Transfer,30-Oct-13,NY BRONX,E13041
,,,,,,,Transfer,21-Dec-17,KANSASCTY,M17059
2935,KANSASCTY,M22004,Female,2918,1068,"4Y,1M,22D",Birth/Hatch,7-Mar-18,ATTLEBORO,118417
,,,,,,,Transfer,16-Nov-18,NEW BEDFO,2169
,,,,,,,Transfer,16-Sep-19,TAUTPHAUS,19M013
,,,,,,,Transfer,21-Apr-22,KANSASCTY,M22004
2007,LINCOLN C,1684,Male,972,946,"8Y,11M,1D",Birth/Hatch,28-May-13,PITTSBURG,102790
,,,,,,,Transfer,"Oct 22, 2013 +/- 1 year",LINCOLN C,1684
,,,,,,,,,,
2005,LINCOLN C,1956,Female,897,2871,"8Y,11M,4D",Birth/Hatch,25-May-13,PALM DES,413018
,,,,,,,Transfer,19-Feb-14,KANSASCTY,M14005
,,,,,,,Transfer,23-Feb-22,LINCOLN C,1956
1063,LOSANGELE,994657,Male,1029,1043,"9Y,11M,9D",Birth/Hatch,20-May-12,SAFARI W,112036
,,,,,,,Transfer,21-May-12,PRIVATE,UNK
,,,,,,,Transfer,5-Aug-12,SAFARI W,112036
,,,,,,,Transfer,6-Aug-12,SEAWLD TX,SWT VZ-5001
,,,,,,,Transfer,23-Jan-18,LOSANGELE,994657
1133,LVZOO,LVO261,Male,UND,UND,"9Y,0M,28D",Birth/Hatch,"Apr 01, 2013 +/- 15 day",YATES,UNK
,,,,,,,Transfer,1-Jun-13,LVZOO,LVO261
2945,MILWAUKEE,6164,Male,1113,1139,"2Y,3M,21D",Birth/Hatch,8-Jan-20,COAL VAL,M2421
,,,,,,,Transfer,12-Jun-21,MILWAUKEE,6164
2943,MILWAUKEE,6163,Male,1113,1139,"2Y,3M,21D",Birth/Hatch,8-Jan-20,COAL VAL,M2419
,,,,,,,Transfer,12-Jun-21,MILWAUKEE,6163
2948,NEW BEDFO,2381,Male,1113,1139,"1Y,2M,25D",Birth/Hatch,4-Feb-21,COAL VAL,M2471
,,,,,,,Transfer,25-Jul-21,NEW BEDFO,2381
1057,NEW BEDFO,2340,Male,897,2871,"9Y,10M,17D",Birth/Hatch,12-Jun-12,PALM DES,412011
,,,,,,,Transfer,"Jul 15, 2013 +/- 1 year",EXOTIC EN,UNK
,,,,,,,Transfer,9-Nov-15,S BARBARA,700902
,,,,,,,Transfer,17-Nov-15,SOUTHBEND,34130
,,,,,,,Transfer,29-Jan-19,ST LOUIS,124247
,,,,,,,Transfer,2-Dec-20,NEW BEDFO,2340
2934,NEW BEDFO,2168,Female,2918,1068,"4Y,1M,22D",Birth/Hatch,7-Mar-18,ATTLEBORO,118416
,,,,,,,Transfer,16-Nov-18,NEW BEDFO,2168
1015,NEW BEDFO,1950,Male,981,982,"11Y,0M,21D",Birth/Hatch,8-Apr-11,DISNEY AK,110191
,,,,,,,Transfer,20-Dec-16,NEW BEDFO,1950
2932,NEW BEDFO,2393,Male,2918,1068,"4Y,8M,8D",Birth/Hatch,21-Aug-17,ATTLEBORO,117410
,,,,,,,Transfer,15-May-18,FRANKLINP,A18032
,,,,,,,Transfer,31-Jan-22,NEW BEDFO,2393
,,,,,,,,,,
2937,NEW BEDFO,2339,Female,WILD,WILD,"5Y,1M,20D",Birth/Hatch,"Mar 09, 2017 +/- 9 month",Undetermined,-
,,,,,,,"Wild
Capture","Mar 09, 2018 +/- 8 month",Undetermined,-
,,,,,,,Transfer,9-Mar-18,USFWS,NONE
,,,,,,,Transfer,9-Mar-18,LOSANGELE,994686
,,,,,,,Transfer,8-Jan-19,ST LOUIS,124220
,,,,,,,Transfer,2-Dec-20,NEW BEDFO,2339
984,NY BRONX,E12031,Female,949,951,"11Y,11M,5D",Birth/Hatch,24-May-10,LOSANGELE,992133
,,,,,,,Transfer,24-Jan-11,PALM DES,411002
,,,,,,,Transfer,12-Oct-12,NY BRONX,E12031
985,NY BRONX,E15035,Female,949,951,"11Y,11M,5D",Birth/Hatch,24-May-10,LOSANGELE,992134
,,,,,,,Transfer,16-Feb-11,ST LOUIS,108504
,,,,,,,Transfer,29-Sep-15,NY BRONX,E15035
1117,NY BRONX,E14023,Female,1017,2869,"7Y,11M,27D",Birth/Hatch,2-May-14,NY BRONX,E14023
2003,NY BRONX,M1413,Male,897,2871,"8Y,11M,4D",Birth/Hatch,25-May-13,PALM DES,413016
,,,,,,,Transfer,28-Aug-14,NY BRONX,M14131
,,,,,,,Transfer,4-Feb-16,PROSPECTP,M14131
,,,,,,,Transfer,8-Dec-20,NY BRONX,M1413
1147,NY BRONX,E20030,Female,981,1109,"6Y,9M,2D",Birth/Hatch,27-Jul-15,ST LOUIS,117856
,,,,,,,Transfer,22-Mar-16,DENVER,A16042
,,,,,,,Transfer,19-Nov-20,NY BRONX,E20030
2020,NY BRONX,E13029,Female,1017,2869,"8Y,7M,22D",Birth/Hatch,7-Sep-13,NY BRONX,E13029
2949,NY BRONX,E21016,Male,1113,1139,"1Y,2M,25D",Birth/Hatch,4-Feb-21,COAL VAL,M2472
,,,,,,,Transfer,2-Jun-21,NY BRONX,E21016
1124,NY BRONX,E14049,Male,1017,2869,"7Y,8M,8D",Birth/Hatch,21-Aug-14,NY BRONX,E14049
1115,NY BRONX,E14020,Male,1017,2869,"7Y,11M,28D",Birth/Hatch,1-May-14,NY BRONX,E14020
2021,NY BRONX,E13028,Female,1017,2869,"8Y,7M,22D",Birth/Hatch,7-Sep-13,NY BRONX,E13028
2019,NY BRONX,E13027,Male,1017,2869,"8Y,7M,22D",Birth/Hatch,7-Sep-13,NY BRONX,E13027
1071,NY BRONX,E13042,Male,979,980,"9Y,6M,16D",Birth/Hatch,13-Oct-12,MILWAUKEE,5788
,,,,,,,Transfer,30-Oct-13,NY BRONX,E13042
1042,NY BRONX,E13002,Male,960,1007,"10Y,1M,26D",Birth/Hatch,3-Mar-12,DREHER PA,212034
,,,,,,,Transfer,31-Jan-13,NY BRONX,E13002
,,,,,,,Transfer,24-Mar-16,BINGHAMTO,16005
,,,,,,,Transfer,13-Jun-18,NY BRONX,E13002
980,NZP-WASH,115134,Female,UND,UND,"12Y,10M,14D",Birth/Hatch,15-Jun-09,PRIVATE,
,,,,,,,Transfer,15-Jun-09,KLONTZ,
,,,,,,,Transfer,14-Oct-10,MILWAUKEE,5683
,,,,,,,Transfer,6-Nov-14,NZP-WASH,115134
1108,NZP-WASH,115636,Male,977,985,"8Y,0M,6D",Birth/Hatch,23-Apr-14,ST LOUIS,116240
,,,,,,,Transfer,7-Oct-14,CHATTANOG,1208
,,,,,,,Transfer,6-Mar-18,NZP-WASH,115636
979,PALM DES,417002,Male,998,1001,"12Y,10M,12D",Birth/Hatch,17-Jun-09,HALL L,
,,,,,,,Transfer,"Jul 01, 2009 +/- 15 day",KLONTZ,
,,,,,,,Transfer,14-Oct-10,MILWAUKEE,5682
,,,,,,,Transfer,19-Jan-17,PALM DES,417002
1148,PALM DES,419048,Female,981,1109,"6Y,9M,2D",Birth/Hatch,27-Jul-15,ST LOUIS,117858
,,,,,,,Transfer,22-Mar-16,DENVER,A16043
,,,,,,,Transfer,14-Oct-19,PALM DES,419048
2933,PALM DES,421007,Female,2918,1068,"4Y,8M,8D",Birth/Hatch,21-Aug-17,ATTLEBORO,117411
,,,,,,,Transfer,21-Mar-18,ST LOUIS,122512
,,,,,,,Transfer,23-Mar-21,PALM DES,421007
2912,PALM DES,421001,Male,1114,980,"6Y,2M,25D",Birth/Hatch,4-Feb-16,NZP-WASH,115312
,,,,,,,Transfer,2-May-18,SD-WAP,618163
,,,,,,,Transfer,12-Jan-21,PALM DES,421001
1069,PALM DES,421004,Female,915,955,"9Y,9M,13D",Birth/Hatch,16-Jul-12,CINCINNAT,112053
,,,,,,,Transfer,3-Dec-13,PHOENIX,12456
,,,,,,,Transfer,6-Dec-16,MILWAUKEE,5979
,,,,,,,Transfer,20-Mar-21,PALM DES,421004
,,,,,,,,,,
1113,PALM DES,414014,Male,897,2871,"8Y,0M,14D",Birth/Hatch,15-Apr-14,PALM DES,414014
,,,,,,,Transfer,21-Oct-14,COAL VAL,M2335
,,,,,,,Transfer,7-Dec-21,PALM DES,414014
1112,PALM DES,414012,Male,897,2871,"8Y,0M,14D",Birth/Hatch,15-Apr-14,PALM DES,414012
1016,PALM DES,418012,Male,981,982,"11Y,0M,21D",Birth/Hatch,8-Apr-11,DISNEY AK,110192
,,,,,,,Transfer,26-Oct-11,SYRACUSE,M11017
,,,,,,,Transfer,2-May-18,PALM DES,418012
1037,PHOENIX,12118,Female,981,982,"10Y,1M,21D",Birth/Hatch,8-Mar-12,DISNEY AK,120103
,,,,,,,Transfer,20-Sep-12,PHOENIX,12118
1096,PHOENIX,13459,Male,960,1007,"8Y,11M,4D",Birth/Hatch,25-May-13,DREHER PA,213019
,,,,,,,Transfer,10-Apr-14,ST LOUIS,116201
,,,,,,,Transfer,8-Oct-14,SD-WAP,614480
,,,,,,,Transfer,28-Feb-17,PHOENIX,13459
2008,PITTSBURG,102791,Male,972,946,"8Y,11M,1D",Birth/Hatch,28-May-13,PITTSBURG,102791
1047,PROSPECTP,P20060,Female,993,994,"9Y,11M,25D",Birth/Hatch,"May 04, 2012 +/- 1 day",HALL L,UNK
,,,,,,,Transfer,7-Sep-13,METROZOO,13M058
,,,,,,,Transfer,19-Oct-13,ZS FLORID,13M058
,,,,,,,Transfer,1-Jan-16,METROZOO,13M058
,,,,,,,Transfer,12-Nov-20,PROSPECTP,P20060
1126,PROSPECTP,E14051,Female,1017,2869,"7Y,8M,24D",Birth/Hatch,5-Aug-14,NY BRONX,E14051
,,,,,,,Transfer,3-May-18,METROZOO,18M049
,,,,,,,Transfer,12-Nov-20,PROSPECTP,E14051
1036,RACINE,M1520,Male,983,982,"10Y,1M,21D",Birth/Hatch,8-Mar-12,DISNEY AK,120102
,,,,,,,Transfer,12-Sep-12,NORFOLK,212158
,,,,,,,Transfer,12-Nov-15,RACINE,M1520
1033,RACINE,M1803,Male,979,980,"10Y,3M,2D",Birth/Hatch,27-Jan-12,MILWAUKEE,5747
,,,,,,,Transfer,19-Dec-12,BATTLE CR,M12031
,,,,,,,Transfer,6-Mar-18,RACINE,M1803
,,,,,,,,,,
1077,S BARBARA,700906,Female,1002,1003,"10Y,11M,9D",Birth/Hatch,20-May-11,EXOTIC EN,Jasmin
,,,,,,,Transfer,9-Nov-15,S BARBARA,700906
1075,S BARBARA,700637,Male,1076,1077,"9Y,10M,1D",Birth/Hatch,28-Jun-12,HALL L,-
,,,,,,,Transfer,"Oct 15, 2012 +/- 1 day",S BARBARA,700637
2011,SAFARI W,115127,Female,998,1001,"10Y,9M,28D",Birth/Hatch,1-Jul-11,EXOTIC EN,CHER
,,,,,,,Transfer,18-Sep-15,SAFARI W,115127
1067,SAFARI W,119006,Male,915,955,"9Y,9M,13D",Birth/Hatch,16-Jul-12,CINCINNAT,112055
,,,,,,,Transfer,23-Apr-14,STATEN IS,14018
,,,,,,,Transfer,30-Nov-16,PITTSBURG,103077
,,,,,,,Transfer,14-Mar-19,SAFARI W,119006
2001,SAFARI W,119018,Female,1016,975,"8Y,10M,18D",Birth/Hatch,11-Jun-13,SYRACUSE,M13063
,,,,,,,Transfer,7-Oct-14,SACRAMNTO,101206
,,,,,,,Transfer,26-Apr-19,SAFARI W,119018
2002,SAFARI W,119019,Female,1016,975,"8Y,10M,18D",Birth/Hatch,11-Jun-13,SYRACUSE,M13064
,,,,,,,Transfer,7-Oct-14,SACRAMNTO,101207
,,,,,,,Transfer,26-Apr-19,SAFARI W,119019
982,SANDIEGOZ,516002,Female,1002,1003,"12Y,11M,2D",Birth/Hatch,27-May-09,HALL L,E-VEL
,,,,,,,Transfer,"Jan 15, 2010 +/- 4 month",KLONTZ,E-VEL
,,,,,,,Transfer,7-Oct-10,DISNEY AK,100643
,,,,,,,Transfer,20-Sep-12,ST LOUIS,110926
,,,,,,,Transfer,7-Jan-16,SANDIEGOZ,516002
975,SANDIEGOZ,618162,Female,988,1004,"11Y,10M,8D",Birth/Hatch,21-Jun-10,KLONTZ,RHIONA
,,,,,,,Transfer,7-Oct-10,SYRACUSE,M10095
,,,,,,,Transfer,2-May-18,SD-WAP,618162
,,,,,,,Transfer,24-Jan-21,SANDIEGOZ,618162
1134,SANDIEGOZ,1003515,Female,983,1039,"7Y,3M,6D",Birth/Hatch,23-Jan-15,SANJOSECA,200610
,,,,,,,Transfer,8-Feb-22,SANDIEGOZ,1003515
1127,SANDIEGOZ,514154,Male,UND,UND,"7Y,10M,19D",Birth/Hatch,10-Jun-14,YATES,UNK
,,,,,,,Transfer,24-Aug-14,SANDIEGOZ,514154
,,,,,,,,,,
1114,SANDIEGOZ,1003414,Male,1017,2869,"7Y,11M,28D",Birth/Hatch,1-May-14,NY BRONX,E14021
,,,,,,,Transfer,19-Mar-15,NZP-WASH,115174
,,,,,,,Transfer,6-Apr-16,NY BRONX,E14021
,,,,,,,Transfer,2-Dec-21,SANDIEGOZ,1003414
1039,SANJOSECA,200568,Female,960,1007,"10Y,1M,26D",Birth/Hatch,3-Mar-12,DREHER PA,212033
,,,,,,,Transfer,1-Nov-12,SANJOSECA,200568
1135,SANJOSECA,200611,Female,983,1039,"7Y,3M,6D",Birth/Hatch,23-Jan-15,SANJOSECA,200611
1146,SOUTHBEND,34129,Male,981,1109,"6Y,9M,2D",Birth/Hatch,27-Jul-15,ST LOUIS,117855
,,,,,,,Transfer,17-Nov-15,SOUTHBEND,34129
1125,SOUTHBEND,34134,Male,1017,2869,"7Y,8M,24D",Birth/Hatch,5-Aug-14,NY BRONX,E14050
,,,,,,,Transfer,19-Nov-15,SOUTHBEND,34134
1142,ST LOUIS,117727,Female,977,985,"7Y,0M,25D",Birth/Hatch,4-Apr-15,ST LOUIS,117727
,,,,,,,Transfer,23-Jun-15,WCSRC,201505
,,,,,,,Transfer,27-Oct-15,ST LOUIS,117727
2936,ST LOUIS,125477,Male,2918,1068,"4Y,1M,22D",Birth/Hatch,7-Mar-18,ATTLEBORO,118418
,,,,,,,Transfer,16-Nov-18,NEW BEDFO,2170
,,,,,,,Transfer,4-Mar-20,ST LOUIS,125477
1065,STATEN IS,12008,Male,UND,UND,"10Y,2M,25D",Birth/Hatch,4-Feb-12,FOREST PA,UNK
,,,,,,,Transfer,26-Apr-12,STATEN IS,12008
1040,STATEN IS,13035,Male,960,1007,"10Y,1M,26D",Birth/Hatch,3-Mar-12,DREHER PA,212031
,,,,,,,Transfer,10-Oct-13,STATEN IS,13035
2004,SYRACUSE,M18013,Female,897,2871,"8Y,11M,4D",Birth/Hatch,25-May-13,PALM DES,413017
,,,,,,,Transfer,19-Feb-14,KANSASCTY,M14004
,,,,,,,Transfer,28-Feb-18,SYRACUSE,M18013
2918,SYRACUSE,M19154,Male,981,1109,"6Y,1M,6D",Birth/Hatch,23-Mar-16,ST LOUIS,119504
,,,,,,,Transfer,9-Nov-16,ATTLEBORO,116397
,,,,,,,Transfer,7-Nov-19,SYRACUSE,M19154
,,,,,,,,,,
2942,TAUTPHAUS,19M007,Male,UND,UND,"10Y,7M,19D",Birth/Hatch,10-Sep-11,DIVIDE,77800
,,,,,,,Transfer,13-Jul-19,TAUTPHAUS,19M007
2951,TAUTPHAUS,22M010,Female,UND,UND,"3Y,9M,27D",Birth/Hatch,"~ from Jan 01, 2018 to Dec
31, 2018",Undetermined,-
,,,,,,,Transfer,27-Jul-20,PORTLAND,C00047
,,,,,,,Transfer,21-Apr-22,TAUTPHAUS,22M010
1092,TULSA,18310,Male,981,982,"9Y,0M,22D",Birth/Hatch,7-Apr-13,ST LOUIS,113755
,,,,,,,Transfer,20-Feb-14,ASHEBORO,2009
,,,,,,,Transfer,2-May-19,TULSA,18310
1099,TULSA,18538,Female,960,1007,"8Y,11M,4D",Birth/Hatch,25-May-13,DREHER PA,213022
,,,,,,,Transfer,10-Apr-14,ST LOUIS,116205
,,,,,,,Transfer,5-Jan-21,TULSA,18538
1091,TULSA,18309,Male,981,982,"9Y,0M,22D",Birth/Hatch,7-Apr-13,ST LOUIS,113754
,,,,,,,Transfer,20-Feb-14,ASHEBORO,2008
,,,,,,,Transfer,2-May-19,TULSA,18309
1141,WCSRC,201504,Female,977,985,"7Y,0M,25D",Birth/Hatch,4-Apr-15,ST LOUIS,117726
,,,,,,,Transfer,18-Jun-15,WCSRC,201504
1154,WILDCARE,21-2225,Female,UND,UND,"1Y,9M,28D",Birth/Hatch,"~ from Jan 01, 2020 to Dec
31, 2020",Undetermined,-
,,,,,,,Transfer,"~ from Apr 01, 2021 to
May 31, 2021",WILDCARE,21-2225
1156,WILDCARE,21-2227,Male,UND,UND,"1Y,9M,28D",Birth/Hatch,"~ from Jan 01, 2020 to Dec
31, 2020",Undetermined,-
,,,,,,,Transfer,"~ from Apr 01, 2021 to
May 31, 2021",WILDCARE,21-2227
1153,WILDCARE,21-2224,Male,UND,UND,"1Y,9M,28D",Birth/Hatch,"~ from Jan 01, 2020 to Dec 31, 2020",Undetermined,-